,pretty_formula,crystal_system,spacegroup,experimentally_observed,"energy_above_hull, eV/atom",Ef,total_atoms,Gf_400,Gf_500,Gf_600,Gf_700,Gf_800,Gf_900,Gf_1000,Gf_1100,Gf_1200,Gf_1300,Gf_1400,Gf_1500,Gf_1600,Gf_1700,Gf_1800,Gf_1900,Gf_2000
mp-31053,Ag2S,Monoclinic,P2_1,True,0.004851448333333508,-0.22268068548611097,3.0,-0.605419039963271,-0.584081221285416,-0.5659897062476983,-0.5478164211506309,-0.5277513642308487,-0.4938165634191092,-0.4055938697249437,-0.3146966744353996,-0.2207377133204913,-0.11087418701946161,0.009061072344223042,0.13260479877643228,0.25970276213200894,0.3902820491257901,0.5242639444773487,0.6615670631559407,0.8021050910115353
mp-1228491,Al2S3,Monoclinic,Cc,False,0.0,-1.2363791106875,5.0,-6.162746451939935,-6.1397894438177705,-6.118828939585999,-6.0955846678570955,-6.067639706827357,-6.000745993151863,-5.758883331889336,-5.505752437457058,-5.2488265753154595,-4.987800041705361,-4.722502530489932,-4.452845741578372,-4.178803287372531,-3.900384064563074,-3.617621840813918,-3.3305741800761304,-3.039304788638523
mp-1228158,Al5S8,Cubic,F-43m,False,0.08005848239182711,-1.1087675855769221,13.0,-14.20621891641012,-14.105668096115284,-14.009843243198262,-13.907841386621627,-13.793500621212557,-13.575669540858506,-12.894372376028832,-12.184847193982005,-11.465699486210681,-10.736111725112318,-9.995621318907968,-9.243981793543869,-8.481110134880407,-7.707016726217759,-6.921778895533717,-6.125536152081832,-5.31844573712571
mp-1189572,As2S3,Triclinic,P-1,True,0.0,-0.15593288218749848,5.0,-0.8251600742247702,-0.8185357865520686,-0.814281117761726,-0.8082215123806114,-0.7980644202690101,-0.7497234612451855,-0.5431187419691486,-0.33384401722714774,-0.12124279137685079,0.09510879242170756,0.3154204246656249,0.6748231582051938,1.0484804485765897,1.4248147614770836,1.8038866444212847,2.185733885067176,2.5703684365548796
mp-27543,As4S3,Orthorhombic,Pnma,True,0.006355647857141378,-0.13001546477678566,7.0,-1.0051020128239072,-1.0119734320990592,-1.0251758432279727,-1.0375738906760548,-1.045300078145205,-1.0133691317734854,-0.8211729579455942,-0.6239813789424247,-0.4209474364298238,-0.2115430259554314,0.004430274853733707,0.49708022873762836,1.0166314759032389,1.5398577971861513,2.066837740523619,2.5976204774869096,3.132217767605617
mp-502,As4S5,Monoclinic,P2_1/m,True,0.003371050277777954,-0.15396927600694393,9.0,-1.483899651356051,-1.4788204149962618,-1.479011001097538,-1.4765268838508412,-1.4670221643038515,-1.393386577593609,-1.0553109013950248,-0.7120100828500604,-0.3623264749908959,-0.005518900546780614,0.3587583686027358,1.0007159905046947,1.6706467859429992,2.3453719694591957,3.024998453718526,3.7095930127887193,4.399175504033128
mp-31070,As8S9,Monoclinic,P2/c,True,0.002155271323530883,-0.15601296325367536,17.0,-2.828395544725673,-2.8195659095184795,-2.821806503929765,-2.8196328614786754,-2.8045923855876786,-2.6735270420313704,-2.0656689505144588,-1.4474754428903456,-0.8167865695402128,-0.17222651233175768,0.48682253210218107,1.7007304322021604,2.970048739247506,4.248396165468357,5.535972353831159,6.832902051223179,8.139220923454243
mp-542810,AsS,Monoclinic,P2_1/c,True,0.0,-0.1590996314062494,2.0,-0.33829888248488127,-0.3375112500586482,-0.33817371942176866,-0.33840130540628877,-0.33716733360590556,-0.3229598616800069,-0.25566422513604414,-0.1870910201518745,-0.11698967106475022,-0.04520151765928371,0.028341458876204317,0.17117906114008985,0.3208759717562324,0.47163156514677507,0.6234690238870275,0.7764028411818655,0.9304369691429084
mp-1191613,AsS2,Monoclinic,P2_1,True,0.027285937031251706,-0.10265813145833273,3.0,-0.322277604140693,-0.31366774043192425,-0.3059773938161614,-0.29691699398822635,-0.28522066521470846,-0.2483139696544825,-0.10623167846010739,0.037243049760023794,0.18251613498549535,0.3298527738408885,0.4793946380116174,0.698732977749601,0.925466565967155,1.153818493939406,1.383826126605654,1.6155127584190092,1.8488863904079693
mp-947,Au2S,Cubic,Pn-3m,True,0.0,-0.11802120760416794,3.0,-0.2792900434731461,-0.2549845431452107,-0.23399789659474024,-0.21303312303824407,-0.19031545935048788,-0.15392082784995753,-0.06348290107284704,0.02936005536099895,0.12502432573649713,0.22381397282322402,0.33839644951610914,0.4632785888001387,0.5913646514873014,0.7226065986252292,0.8569443706830935,0.99431523837975,1.1346473975926328
mp-1228640,B12S,Trigonal,R3m,False,0.07553982990085562,-0.01859075711538393,13.0,-0.3656878363286655,-0.4458037143853668,-0.567614000510137,-0.7066436658327342,-0.849733862650414,-0.9784636610904518,-1.048544704173381,-1.1092348549808584,-1.1587136320563767,-1.1958012753260245,-1.2198076965088118,-1.2303066008534511,-1.2270724650220153,-1.2100270575040755,-1.179191220813376,-1.1346122218860089,-1.0764177637153676
mp-1199451,B2S3,Tetragonal,I4_1/a,True,0.0,-0.7342185787266672,5.0,-3.6645420819885066,-3.6530328273939405,-3.6469693175044,-3.641126056286046,-3.6326321653616116,-3.587073752500859,-3.3841594925350145,-3.179354622864205,-2.971915587681307,-2.7613439071479586,-2.5473158834084098,-2.329614698985738,-2.1081061775063348,-1.8827100826350058,-1.6533897047594053,-1.4201279848322133,-1.1829347347545114
mp-540668,BS2,Monoclinic,P2_1/c,True,0.0,-0.7283282915972217,3.0,-2.241568962617915,-2.2475926443298664,-2.256073906046156,-2.264197707181254,-2.2704090078829724,-2.251969614285934,-2.1288085816283076,-2.0046448098254244,-1.8790288488153037,-1.7516581904741688,-1.6223341594372749,-1.4909226231393924,-1.3573394482494874,-1.2215326581734698,-1.0834768069231764,-0.9431589643508236,-0.8005820119485172
mp-28978,Ba2S3,Tetragonal,I4_1md,True,0.06386315299999978,-1.9191098544999996,5.0,-9.484828320287926,-9.433884293416247,-9.378092183193417,-9.315379315267721,-9.244215952371919,-9.131433991776726,-8.857871817594603,-8.562502984580709,-8.261396913038194,-7.954604431311319,-7.642216413757625,-7.324343554948704,-7.001096276116786,-6.672576752700522,-6.338883011056902,-6.000095416608724,-5.656279748505863
mp-1500,BaS,Cubic,Fm-3m,True,0.0,-2.329084296249999,2.0,-4.604361397012612,-4.582464268134364,-4.558408389928717,-4.531359717788424,-4.500672983743416,-4.455295384179309,-4.355571393329781,-4.245001507357139,-4.131698108571383,-4.015739879349233,-3.8972090833063335,-3.776186791555247,-3.65274525985632,-3.52694743435537,-3.3988494194128833,-3.2684957983643788,-3.135921485243232
mp-684,BaS2,Monoclinic,C2/c,True,0.0,-1.7522321483333332,3.0,-5.21680620360106,-5.19201518443906,-5.164534831253313,-5.133126514299348,-5.096905764279988,-5.033757282080338,-4.8641749775791805,-4.683631909369362,-4.500085115444041,-4.313506741770749,-4.1239053990913925,-3.9313107108649916,-3.735760842563435,-3.53729502347956,-3.335955175609862,-3.1317770810416246,-2.9247916048913467
mp-239,BaS3,Tetragonal,P-42_1m,True,0.0,-1.4335711593749987,4.0,-5.678507895955389,-5.64337212295111,-5.605016431226734,-5.561797605900571,-5.512591976348332,-5.4242217479546095,-5.177330266243295,-4.919363152237771,-4.658122099614358,-4.393472717931395,-4.125349965057053,-3.8537320167968083,-3.5786229483340968,-3.300038272108768,-3.018005727753332,-2.7325522961068316,-2.443704793368891
mp-422,BeS,Cubic,F-43m,True,0.0,-1.3072513737499998,2.0,-2.594531266306389,-2.586053422533689,-2.579875553587603,-2.5738255830424666,-2.566706861884527,-2.5469017318587808,-2.4742146868910853,-2.400401392341036,-2.3251635967413575,-2.2483011826553305,-2.1696756539950166,-2.08919603440446,-2.0013502919308905,-1.907361138486829,-1.811650123838779,-1.7142286655451962,-1.6151119854593277
mp-22856,Bi2S3,Orthorhombic,Pnma,True,0.0,-0.6626376374999999,5.0,-3.2148758138221387,-3.1714128505869628,-3.105065839861135,-3.016921147558268,-2.9242146476460205,-2.793214419185026,-2.504056146386209,-2.2124849028936744,-1.9179478361184135,-1.620097785079916,-1.3187064035314924,-1.0136294241335477,-0.704794856344467,-0.3921742853557184,-0.0757683130541551,0.2443986623862191,0.6693211302510313
mp-971673,BiS2,Monoclinic,C2/m,True,0.0,-0.6088071875000006,3.0,-1.780624241940071,-1.756545912489301,-1.7207602669450313,-1.6736081956954556,-1.6235880350608505,-1.5483025768212753,-1.3678943809047466,-1.1862222653485848,-1.0029321316998652,-0.8177971312637395,-0.6306662644799932,-0.441441673852057,-0.2500703189648972,-0.0565261339877523,0.13919767131793925,0.33709329848930025,0.587660016627578
mp-1672,CaS,Cubic,Fm-3m,True,0.0,-2.4356079989062493,2.0,-4.83077896568383,-4.814287392621684,-4.798719414638002,-4.782053237734447,-4.762059928086148,-4.728073270667623,-4.640012803193919,-4.549539875846105,-4.449820506214274,-4.346760189133043,-4.241530476708493,-4.134130562041062,-4.0245819157949665,-3.912913281908428,-3.778104949848425,-3.5759386641672464,-3.3725487325864063
mp-672,CdS,Hexagonal,P6_3mc,True,0.0,-0.776127461406249,2.0,-1.503275682450514,-1.4845749707621785,-1.466194651581961,-1.4366938502254025,-1.4053366110507746,-1.360734326950922,-1.262865612181288,-1.1038665021071663,-0.9047073362339724,-0.704635579650768,-0.503528282727614,-0.30130483341388725,-0.09791518866700955,0.1066740934067889,0.31247634929275225,0.5195008900430915,0.7277428581098908
mp-1095440,CdS2,Cubic,Pa-3,True,0.05108735239583595,-0.4663309552083324,3.0,-1.3338766803024407,-1.304768603568098,-1.2754503346455255,-1.2340764137130416,-1.1896716838018082,-1.1197850423041567,-0.9445445391206388,-0.7080587720470848,-0.43114273627207167,-0.1529373604754709,0.12675395784639543,0.40806327839769274,0.6910747345094519,0.9758454849284304,1.2624030485038604,1.5507655375361882,1.840932143394376
mp-20973,Ce2S3,Orthorhombic,Pnma,True,0.0,-2.4088712696874977,5.0,-11.808330593777596,-11.72917276718529,-11.650805039342679,-11.5690113975553,-11.481422595823982,-11.3538838495518,-11.066195039456897,-10.764827258771918,-10.451041408341034,-10.132128820213737,-9.807993811251592,-9.47862063150113,-9.144038860612987,-8.80430714394343,-8.459511070683034,-8.109741370559936,-7.755101134223207
mp-1382,Ce3S4,Cubic,I-43d,True,0.008399302142859,-2.352590697321428,7.0,-16.070635676741713,-15.944220358126575,-15.81925547998415,-15.689619315841366,-15.551877597363008,-15.360329395403948,-14.954599813218856,-14.52840920944142,-14.08372660749632,-13.631542273662392,-13.171749509668846,-12.704350414412254,-12.2294064025128,-11.74701730043137,-11.257318583135826,-10.76045074584249,-10.256570448983409
mp-1096,CeS,Cubic,Fm-3m,True,0.0,-2.2412868239062504,2.0,-4.350602544107811,-4.310720638620903,-4.271499074857017,-4.231032139037534,-4.188254808826421,-4.13162093967547,-4.0209557541212035,-3.903508517564673,-3.7799873525863816,-3.654091193415675,-3.5258090249202008,-3.3951586959499966,-3.2621720414746096,-3.1268902425986624,-2.98936318509944,-2.8496406344651266,-2.7077761604786996
mp-20594,CeS2,Orthorhombic,Pnma,True,0.0,-2.0488002427083316,3.0,-6.022273674940795,-5.977979653278147,-5.933815388642172,-5.887470582117029,-5.837641010039576,-5.761718032361092,-5.579676307263208,-5.390737662577511,-5.195454876567666,-4.997420347053827,-4.796549406029908,-4.592808454692398,-4.386195237722395,-4.176727219371534,-3.9644401030531116,-3.749374853007076,-3.5315809900995276
mp-1183728,Co2S3,Trigonal,R-3c,False,0.01493341500000156,-0.4794658386875,5.0,-2.2877953479483235,-2.241437883734458,-2.196554562422231,-2.148794635347857,-2.0945865970936017,-2.000901226621634,-1.7474658545127828,-1.4896337836695848,-1.2264417350118668,-0.9570429880420992,-0.6805479538333792,-0.3972932688135371,-0.10842163902592095,0.18584867987109188,0.4914848530010616,0.8153070694315252,1.144302459791323
mp-943,Co3S4,Cubic,Fd-3m,True,0.0,-0.5116394230357153,7.0,-3.458817184444766,-3.4028780503840323,-3.3494154230239275,-3.2921054719373912,-3.2257105396613697,-3.106218042389377,-2.7731442581701007,-2.433532860142079,-2.086016601843472,-1.7293786707325776,-1.3623215098559127,-0.9853757976819963,-0.600272638420071,-0.2073512739842016,0.20233195212895794,0.6390029228965997,1.0831403098035413
mp-1513,Co9S8,Cubic,Fm-3m,True,0.0,-0.43866412838235314,17.0,-7.079846280298776,-6.935154500393657,-6.800014579375814,-6.657073366512958,-6.49157469472437,-6.215730794592639,-5.507492757683396,-4.780101353690112,-4.030076220494619,-3.2541930661085825,-2.4488538311664847,-1.6158563416880583,-0.7605302714548756,0.11601178637896581,1.0405440718675365,2.043709028949447,3.066926476411677
mp-1147746,CoS,Tetragonal,P4/nmm,False,0.08453702791666728,-0.3754115614062492,2.0,-0.7254542583484187,-0.7128116052145458,-0.701171315879665,-0.688560308580497,-0.6733124312717278,-0.6444443211846992,-0.5617449257872709,-0.4769046153154435,-0.3895194223875498,-0.29921925495942014,-0.20559614500447188,-0.10884413456339148,-0.009551621802080135,0.09216040702378026,0.19926844329397664,0.3151781809181582,0.43338116075230637
mp-2070,CoS2,Cubic,Pa-3,True,0.0,-0.4541721918750004,3.0,-1.2961660445168812,-1.2669048459161345,-1.238115426418032,-1.2074201191220713,-1.1729135706558287,-1.1125499227501345,-0.9462675585179559,-0.7777294106258288,-0.6063761673752497,-0.4317312003128553,-0.253312888538328,-0.07126382643881124,0.11386167810825043,0.3019663557001575,0.49604088008068636,0.6994997464077235,0.9058385444541273
mp-555569,Cr2S3,Trigonal,R-3,True,0.0,-0.9928003984999976,5.0,-4.960803196198132,-4.942348870349916,-4.926191613246734,-4.908044934917861,-4.885512642170261,-4.82441093035207,-4.604547971625709,-4.381395221974507,-4.154167668370007,-3.9222922079754543,-3.6853435727428394,-3.442988864975521,-3.1949633180526984,-2.941047813947722,-2.6810543241903986,-2.41482276231981,-2.142199184212796
mp-964,Cr3S4,Monoclinic,C2/m,True,0.0005037876190456814,-0.9450204014285707,7.0,-6.609202982828133,-6.584422650278972,-6.563353213195534,-6.539767229190348,-6.510190009137409,-6.428877093809182,-6.1354660236267415,-5.8371777013498125,-5.532912279594131,-5.2218633723091585,-4.903429903859753,-4.577138251527718,-4.242608310526084,-3.899523262241369,-3.547608155150277,-3.186627260185549,-2.81635168562088
mp-1311,Cr5S6,Trigonal,P-31c,True,0.034498021363635445,-0.8680477954545438,11.0,-9.49913881373158,-9.4522152059414,-9.41183014705832,-9.367874289861373,-9.314715953358629,-9.183489369171195,-8.733490814237465,-8.275440084869949,-7.807607664972776,-7.328720602067836,-6.8378262053457135,-6.334169402045118,-5.817139411046728,-5.2862240125634035,-4.74097440896564,-4.181003585973503,-3.6059327566543935
mp-1181961,Cr5S8,Monoclinic,C2/m,True,0.0,-0.978128128461538,13.0,-12.697311934072177,-12.645400368755418,-12.598966182953058,-12.547090859169693,-12.483664313759167,-12.31769578734157,-11.728780428145509,-11.131583157344558,-10.524063770209178,-9.904736241442876,-9.272500574488761,-8.626498801278462,-7.966051960115742,-7.290600397507497,-6.599666951096226,-5.8928470041055405,-5.169753671769094
mp-755263,CrS2,Trigonal,P-3m1,False,0.0,-0.8685471083333324,3.0,-2.5970661571161098,-2.582908487355831,-2.569634059619894,-2.554897336354326,-2.5373806202990554,-2.494460761377893,-2.3461165634946024,-2.196070035856117,-2.0438509997897887,-1.8891196356726452,-1.7316264830438137,-1.5711793692282017,-1.4076288657711808,-1.2408535552329356,-1.0707523321963723,-0.8972407528069164,-0.7202398205445464
mp-540703,Cs2S,Orthorhombic,Pnma,True,0.0,-1.1982833634374994,3.0,-3.2917873629212338,-3.194909238740398,-3.099262597243075,-3.0021142758558597,-2.9020605535844166,-2.7874364603805426,-2.5435946924628707,-2.22573469076347,-1.9066950810870749,-1.586215330746505,-1.2641231933556139,-0.94029852816137,-0.6146670479228034,-0.2871814399832262,0.04218944201345742,0.37345749178449683,0.7066276010667911
mp-1079600,Cs2S3,Orthorhombic,Cmc2_1,True,0.0,-0.9728212216874994,5.0,-4.605799417169832,-4.5073640444081695,-4.409098984937323,-4.307461905909442,-4.200570683675973,-4.0546353571876885,-3.6753074939534365,-3.2217316597663572,-2.766435791797509,-2.3089462845413316,-1.8489435858642018,-1.3862046597060047,-0.9205870382488612,-0.45199597513011014,0.01962804073431812,0.4943145055581528,0.9720764089120344
mp-1193140,Cs2S5,Orthorhombic,P2_12_12_1,True,0.0,-0.7456366287946443,7.0,-5.0103735675406185,-4.911497901478672,-4.811731379314844,-4.7067224979268385,-4.594110731011888,-4.417981126519738,-3.9042841232494463,-3.3161094118552317,-2.7256742408744756,-2.1322919319832305,-1.5354956273004081,-0.9349593954587991,-0.33047258806361945,0.2781069749537579,0.8908671694053895,1.5078550940014743,2.129091836146401
mp-29266,CsS,Orthorhombic,Immm,True,0.0,-1.1120510539062494,2.0,-2.1063848303018955,-2.0632127253548034,-2.0203910694012936,-1.9763509885860508,-1.9302710217483547,-1.870787436113848,-1.720651297614399,-1.533448607931311,-1.3455210078085331,-1.1566849626978777,-0.9668175229694054,-0.7758328944198274,-0.5836768882844323,-0.3903139898083827,-0.19572153463163655,0.00011082472854972991,0.19718755859906167
mp-1188913,CsS3,Triclinic,P-1,True,0.0,-0.6567948458593751,4.0,-2.5293582829308066,-2.478413964622964,-2.4267589259160083,-2.372015122680177,-2.3128826911005333,-2.2158729074016925,-1.9240357088057403,-1.594902221855052,-1.2645033986598975,-0.9324426318537107,-0.5984496660590786,-0.2623358117656238,0.07602130036827326,0.41670461880341847,0.7597651726278318,1.1052309118207315,1.453114404542756
mp-581212,Cu2S,Monoclinic,P2_1/c,True,0.012637958263891136,-0.1991156991319419,3.0,-0.527708878183952,-0.505095053302719,-0.4859037252522751,-0.4667923103056668,-0.4459611710048632,-0.4114551367523518,-0.32288507861259436,-0.2318809707611713,-0.13805347610703014,-0.04109438615845977,0.06771702450887673,0.19167859266293813,0.31910733757557475,0.44993656454482317,0.5840917040123876,0.7214955166696585,0.8620658340887388
mp-1225731,Cu3S2,Tetragonal,P-4m2,False,0.09132256061111121,-0.15202822945833247,5.0,-0.6342109202073001,-0.5917353939158809,-0.5541283205224712,-0.5161735318680298,-0.4750519711019545,-0.407299634577722,-0.23240754671457875,-0.053806949991161535,0.12916383338752713,0.317020384363647,0.5228806175105749,0.7517170118070169,0.9860221413049803,1.2257078223780091,1.4706692918706548,1.7207950914441232,1.975963992915002
mp-624299,Cu7S4,Orthorhombic,Pnma,True,0.0,-0.2310039898863633,11.0,-2.2912802436989836,-2.2074378227593736,-2.13530884837935,-2.0629919849459677,-1.9840689006925594,-1.8511652507775789,-1.5029938017491953,-1.1462457444372065,-0.7794807268645094,-0.4015667511055252,0.01805554826180078,0.49095432375209214,0.9762561879610576,1.4737395678583063,1.9831505611718045,2.504223230945538,3.036672012140304
mp-684710,Cu9S5,Triclinic,P-1,False,0.04966975111607219,-0.17720916752232085,14.0,-2.1495163735096754,-2.040057600803849,-1.9457347714884,-1.8513039662234272,-1.7485472157842308,-1.578135004731755,-1.1383909706786337,-0.6876362786302384,-0.22404123951841903,0.2538343530741187,0.7852705899937629,1.3851334605231003,2.0008665965296846,2.632181730281161,3.2787503899472092,3.940229399263206,4.616251024762029
mp-555599,CuS,Orthorhombic,Cmcm,True,0.0,-0.2773044905729165,2.0,-0.5203876232627496,-0.5060435843499148,-0.4931455015043004,-0.4798197902938182,-0.46504703132589825,-0.4373183915515284,-0.3565140243254931,-0.2744351979508502,-0.19080957172365487,-0.10542977319345592,-0.013898613211216512,0.08545855043381412,0.1868172725217887,0.2901560641282182,0.39544473165594746,0.5026490560747927,0.611729977629242
mp-849086,CuS2,Orthorhombic,Pnnm,True,0.005219705173610478,-0.17964995520833446,3.0,-0.4859104087932281,-0.46048871633735644,-0.4359823952523577,-0.4101132759689199,-0.3816227377673638,-0.32793945209816555,-0.16909300796121673,-0.008857236090111797,0.15319554853593287,0.3173792547765588,0.48816472465453975,0.66727804803417,0.848928869984058,1.0331194184326957,1.2198336821469216,1.4090462433447861,1.6007220911876523
mp-1270,Dy2S3,Orthorhombic,Pnma,True,0.0,-2.3791560301874997,5.0,-11.584304150257354,-11.486208620946321,-11.389566505926263,-11.290445774468822,-11.186669956654015,-11.04420242096569,-10.7429425454532,-10.438382514710533,-10.129677202738307,-9.816172665118177,-9.497342063609876,-9.172736420297037,-8.841979034061263,-8.50025110816938,-8.138306211290642,-7.769978142023987,-7.39544668687795
mp-556095,Dy3S4,Cubic,I-43d,True,0.07355259214286036,-2.2864480501785716,7.0,-15.51608123203718,-15.366664222925417,-15.219692627598281,-15.069470692531866,-14.912853313509734,-14.704316791007923,-14.283635474277904,-13.8580613589954,-13.426404428319753,-12.987737033828033,-12.541305744596713,-12.086462817578013,-11.622660246238578,-11.142681693905121,-10.63266460476352,-10.11336407733631,-9.58505181584473
mp-1103125,Dy5S7,Monoclinic,C2/m,True,0.0,-2.378763759140625,12.0,-27.80041842968911,-27.566852001239965,-27.337184400866413,-27.1017878443162,-26.8553407574529,-26.5182828092364,-25.810287726967545,-25.094099690916018,-24.367683558241787,-23.629457736103582,-22.8781419553376,-22.112639494979703,-21.33202564737814,-20.524265279126446,-19.666249403079746,-18.792566916359526,-17.90366930969555
mp-2470,DyS,Cubic,Fm-3m,True,0.0,-2.247421941406248,2.0,-4.331653631873532,-4.283929368971226,-4.237197105562579,-4.189693118852028,-4.14044877454313,-4.077977004628073,-3.9621527803089753,-3.844735912667564,-3.725381510862567,-3.603815870889407,-3.4798124000648176,-3.3531723332573864,-3.2237243650521483,-3.089070955509002,-2.9445959801445696,-2.7972207388824417,-2.6470371494353238
mp-1018675,DyS2,Tetragonal,P4/nmm,True,0.07472762328125171,-1.907902401874999,3.0,-5.558241114619176,-5.503574762894291,-5.44936982596672,-5.3934579959036695,-5.334631437081596,-5.25034058599217,-5.060609849482617,-4.869171601065202,-4.675525605581815,-4.479291622618686,-4.280169406618812,-4.0779087447972415,-3.872304241450549,-3.6609346397856513,-3.439169632955184,-3.213921719634495,-2.9852787686194198
mp-2234,Er2S3,Monoclinic,P2_1/m,True,0.0,-2.365612327687499,5.0,-11.552056477834407,-11.462653501782524,-11.374440686666166,-11.283490147479116,-11.18764199718992,-11.052882405754158,-10.759160499886784,-10.462070034374033,-10.160929639240786,-9.855265708981477,-9.544742108573956,-9.229115073347435,-8.908202751123776,-8.58186479259686,-8.24884771870831,-7.888698133156313,-7.523568149754163
mp-1095508,Er5S7,Monoclinic,C2/m,True,0.0,-2.3570866226128473,12.0,-27.55750988598932,-27.327809839298254,-27.101350487294184,-26.86851441003018,-26.624021490591126,-26.288368401616278,-25.581353242070424,-24.865974117703914,-24.14060527573735,-23.40411597061142,-22.655702691207622,-21.89478174967575,-21.12091556071469,-20.333765109485633,-19.53020378952464,-18.659102510701285,-17.775843582007248
mp-1623,ErS,Cubic,Fm-3m,True,0.0,-2.1946054405729143,2.0,-4.229772435705257,-4.1828985457974905,-4.13688502870566,-4.089970234495272,-4.041193820314147,-3.979080118890339,-3.863528975758763,-3.7463509870972778,-3.6272831400767354,-3.506141900148951,-3.382796026239718,-3.2571493598404135,-3.1291280200061986,-2.998673690510501,-2.865166723006131,-2.7183848199662988,-2.569406062756089
mp-1101873,ErS2,Monoclinic,P2_1/c,True,0.026628828420140138,-1.9447147779861116,3.0,-5.676044687297072,-5.623132368278268,-5.570549837379055,-5.516130859527709,-5.458675890544949,-5.375646767658312,-5.187092772047824,-4.996797062321875,-4.804341281334485,-4.609435358128272,-4.411874398755296,-4.211510797053394,-4.008236581789266,-3.801969719883358,-3.5920763806244933,-3.3683254652376426,-3.1417910061710153
mp-1106110,Eu2S3,Orthorhombic,Pnma,True,0.098327728000001,-1.899393218166665,5.0,-9.179961598450452,-9.08080886718591,-8.983300253430457,-8.883584568037334,-8.779591057000939,-8.637403314746988,-8.33706789246055,-8.033861397184697,-7.723389964774224,-7.408753602202191,-7.0897861490539,-6.7664034509606825,-6.438581193185456,-6.1063324181410135,-5.560085255309179,-5.024294843393568,-4.485478741613504
mp-1103738,Eu3S4,Cubic,I-43d,True,0.0,-2.140415299464284,7.0,-14.494844215629254,-14.346162647623762,-14.200212548230088,-14.051419426296684,-13.896796751478721,-13.69100116316502,-13.274027770310623,-12.852805202264884,-12.420820334968406,-11.982776447085374,-11.538461124430617,-11.087773859277902,-10.630695224665825,-10.167256642640076,-9.383107398605379,-8.614934601241279,-7.842516613835198
mp-20587,EuS,Cubic,Fm-3m,True,0.0,-2.4620848664062507,2.0,-4.771231383113235,-4.726232556006939,-4.68232108000336,-4.6377736530977325,-4.59167449895081,-4.532596662525705,-4.420488701592397,-4.30700263845716,-4.190019213205803,-4.071141697529456,-3.950323837657637,-3.8275492802327844,-3.7028229130305834,-3.576163115683924,-3.3427910441157103,-3.1149386683018694,-2.8858667923105017
mp-1232155,EuS2,Monoclinic,P2_1/c,False,0.04171123826388978,-1.6230562168749998,3.0,-4.711517322509401,-4.658967121993159,-4.606973687883288,-4.553409133037794,-4.497118479790325,-4.415612277603483,-4.2289885198923525,-4.040871791393742,-3.8489874878766273,-3.6548323446229434,-3.458286454988472,-3.2592820179621107,-3.057789831031087,-2.8538045569753088,-2.542533169353689,-2.236198836893921,-1.9280583147472274
mp-850083,Fe4S5,Tetragonal,P4,False,0.06074995222222235,-0.7261686947222211,9.0,-6.9150190799958136,-6.9781183424690445,-7.0436517534643865,-7.102766874025681,-7.150081374667364,-7.127228836720182,-6.832109085897604,-6.526051387629408,-6.198114190713954,-5.861552275801413,-5.515883105940949,-5.160803262552784,-4.796128231843754,-4.421762715217788,-4.03766405870271,-3.6092067485303154,-3.169493174318646
mp-505531,FeS,Tetragonal,P4/nmm,True,0.0,-0.7569601037499991,2.0,-1.501926570234422,-1.4925774570193124,-1.483969527108818,-1.4739908170482046,-1.4613555447978577,-1.4342377295655928,-1.3520749688685003,-1.2672064384563908,-1.1769355866080629,-1.0846027425883582,-0.9901056853780015,-0.8933814222454344,-0.7943923473144787,-0.6931205651493628,-0.5895589578480411,-0.47505334728052073,-0.3578803430805313
mp-1522,FeS2,Orthorhombic,Pnnm,True,0.0,-0.8468357333333323,3.0,-2.476528448095453,-2.4478099274147374,-2.4193020053422893,-2.3884881332861516,-2.3538433278795994,-2.2924791128299375,-2.123982521299363,-1.9526652914682217,-1.7756755272984766,-1.5962470216457763,-1.4142039006171068,-1.2294317238273713,-1.0418587951119362,-0.8514435021820397,-0.6581645447716538,-0.4533589435025469,-0.24529925909157058
mp-539,Ga2S3,Monoclinic,Cc,True,0.0,-0.7969372256875005,5.0,-3.8851675226095974,-3.8115745305901623,-3.739967678155786,-3.6664937032986438,-3.589054904819269,-3.473703784227382,-3.2004537269309825,-2.9249814021589806,-2.6466925001010413,-2.3652004754163896,-2.0802666175530025,-1.7917425134491527,-1.499547881118958,-1.2036480871706896,-0.9040395877690663,-0.6007405625048925,-0.29378777047312
mp-2507,GaS,Hexagonal,P6_3/mmc,True,0.0,-0.7637378176562493,2.0,-1.4794372538794602,-1.4462575526429031,-1.4143362135470492,-1.381948898156598,-1.34816635653537,-1.3015460871884827,-1.2020200649973818,-1.1014403433612547,-0.9995874395333506,-0.8963213490478807,-0.7915595430656999,-0.6852535388827175,-0.5773802406502178,-0.46793419009883097,-0.3569207064929083,-0.2443532802519739,-0.13025231538193838
mp-669509,Gd2S3,Orthorhombic,Pnma,True,0.0,-2.3342668131875,5.0,-11.424990071333367,-11.341504744660686,-11.259458322251508,-11.174709414409769,-11.085002782494955,-10.956283139241322,-10.668485101336344,-10.377225225038009,-10.081849087565043,-9.781893447717222,-9.477024243333455,-9.167020511214695,-8.846526537960848,-8.508381193833603,-8.16523782466965,-7.817183014474983,-7.464317781037618
mp-20036,Gd3S4,Cubic,I-43d,True,0.04382667535714191,-2.261571159464284,7.0,-15.436877393657944,-15.308684785380384,-15.182915825846269,-15.05356072308009,-14.917356219784637,-14.728750632811554,-14.327571169369499,-13.921256382630173,-13.508902310580098,-13.089867359623533,-12.663687262955708,-12.230056299604822,-11.780957944614958,-11.305662361805146,-10.823156661112414,-10.333575119169875,-9.837071287117988
mp-510402,GdS,Cubic,Fm-3m,True,0.0,-2.2332253889062486,2.0,-4.335938864017783,-4.295547785961212,-4.256141452384567,-4.215851461008428,-4.1736697931760895,-4.118100053004937,-4.009034831016157,-3.8982961241234717,-3.7856343930946648,-3.670871285534219,-3.5538765967984594,-3.43456556911463,-3.310277390926915,-3.1774433557926485,-3.0423972278121703,-2.9051866996125977,-2.765864304546376
mp-1095479,GdS2,Monoclinic,P2_1/c,True,0.005439691239583766,-1.9613542510416693,3.0,-5.7544496758722214,-5.7079101781452675,-5.661824840201893,-5.6139206746254535,-5.562950461432134,-5.486355309238808,-5.304177244211771,-5.120210825695276,-4.934051170140275,-4.745413388742056,-4.554093623983212,-4.359955670437437,-4.160304626260464,-3.951548068156643,-3.740005577862325,-3.5257160467563873,-3.308727959274405
mp-2242,GeS,Orthorhombic,Pnma,True,0.0,-0.50070603125,2.0,-1.0115043233555863,-1.0085959985537545,-1.0073481709395247,-1.005889328941875,-1.0031896888629028,-0.9877290169177304,-0.9193729564336772,-0.8498979013810031,-0.7790201103198966,-0.6782480215476929,-0.5726045630320042,-0.4653402104560538,-0.3564360136932594,-0.24589169662691646,-0.13371568781297682,-0.019925623393097336,0.09545601976574414
mp-572892,GeS2,Monoclinic,P2_1/c,True,0.0,-0.6627211947916661,3.0,-2.0446978709869574,-2.0470269238183554,-2.050485889141007,-2.0527986702466676,-2.0526962821103263,-2.0275959954465907,-1.8975128892278907,-1.76619591985502,-1.6332060015713314,-1.4699450362649662,-1.3013622990298028,-1.130656817895518,-0.9577755524470772,-0.7826945097147915,-0.6054079358906232,-0.42592466586799116,-0.2442631275969971
mp-10000,Hf2S,Hexagonal,P6_3/mmc,True,0.0,-1.171078639270836,3.0,-3.4303015883130934,-3.403340778923665,-3.3790894021581535,-3.3541758542346756,-3.326792206250932,-3.2849874333315476,-3.188401426595912,-3.0886993988577354,-2.985554198857963,-2.878761261158205,-2.768198088037914,-2.6538005059928502,-2.5355377578644465,-2.4134102068005374,-2.287428163666359,-2.157617046243857,-2.024015492878532
mp-1206743,HfS,Hexagonal,P-6m2,False,0.0,-1.6908644539062543,2.0,-3.330929145434868,-3.3119290269302386,-3.2940183323893932,-3.275308967352779,-3.254777366705693,-3.2209167702601897,-3.133621841398518,-3.0447114677428027,-2.953944401505094,-2.8611650917616056,-2.766275463215192,-2.6692177052869632,-2.5699593942534085,-2.4684888532619516,-2.3648041465632184,-2.2589135824240607,-2.150834455558793
mp-985829,HfS2,Trigonal,P-3m1,True,0.0,-1.8063539318750017,3.0,-5.412721204147818,-5.398462749562437,-5.384763134244494,-5.369329678597211,-5.350899616178776,-5.306903691300729,-5.157386002990432,-5.006138001300538,-4.852763094126268,-4.696999194134637,-4.53867457315477,-4.377679972954228,-4.213948879521046,-4.0474458991496665,-3.878154913726724,-3.7060754302708343,-3.531220694579435
mp-9922,HfS3,Monoclinic,P2_1/m,True,0.0,-1.373083094609374,4.0,-5.477988555985254,-5.455356164850247,-5.432752028286329,-5.4074788815594985,-5.378034756900837,-5.310787903121372,-5.08593185489357,-4.859230624700626,-4.630132276120915,-4.398268185412265,-4.163392971530065,-3.9253459285883316,-3.6840264522866484,-3.439375432066469,-3.1913625674504384,-2.939978564208941,-2.685232619222533
mp-1123,HgS,Cubic,F-43m,True,0.0,-0.37505900250000357,2.0,-0.6112271871524138,-0.5697798864769323,-0.5295152885132276,-0.4213918552612992,-0.2829391645820363,-0.1324001583137142,0.07037610310487885,0.27360597068975046,0.47756593086697885,0.6824374453236839,0.8883455365508732,1.0953687437381001,1.3035591827890123,1.5129482227363127,1.7235512729263105,1.9353755715501508,2.1484183339209846
mp-1106367,HgS4,Orthorhombic,Pbcm,True,0.0,-0.1848130580000003,5.0,-1.4230921133283831,-1.5220048365293048,-1.620508508352959,-1.6483478353876755,-1.6423347915130178,-1.5875248320657236,-1.3242153244199026,-1.060107604851157,-0.7944591539828938,-0.5267689009004188,-0.25669086449151735,0.016007837393996027,0.29148159152513387,0.5698329174935495,0.8511197717375207,1.1353757961929016,1.422610352923476
mp-878,Ho2S3,Monoclinic,P2_1/m,True,0.0,-2.3758334360208324,5.0,-11.592014482677257,-11.500310190124242,-11.410046874695798,-11.31734640005131,-11.220113137852367,-11.084287655111106,-10.789698852600608,-10.491791239110338,-10.189717615779841,-9.882824038190774,-9.570581595241807,-9.252553746182967,-8.928357571312661,-8.597649580940264,-8.246175311398384,-7.881981133188339,-7.512238593195927
mp-1102510,Ho5S7,Monoclinic,C2/m,True,0.0,-2.3685049283072908,12.0,-27.66606210792684,-27.430459118898895,-27.19872386503055,-26.96136329803887,-26.713257947741404,-26.374790479418724,-25.665458427181015,-24.94788678178663,-24.220035218242877,-23.480322143708506,-22.727462106867023,-21.960389479670283,-21.178164008008547,-20.379938826081716,-19.530084865903348,-18.648722454350818,-17.75378248309705
mp-1240,HoS,Cubic,Fm-3m,True,0.0,-2.2201632664062494,2.0,-4.275108643159717,-4.2270326760513095,-4.179942489853363,-4.132101308964176,-4.0825809198781045,-4.019882853851469,-3.903846843448257,-3.786208861847934,-3.6666229817786924,-3.5448154992359546,-3.4205587851059223,-3.293660292840382,-3.1639456077327686,-3.0312548433642537,-2.888467859083144,-2.739612240764213,-2.588275786308797
mp-1018727,HoS2,Tetragonal,P4/nmm,True,0.08784652147569716,-1.8920146752083322,3.0,-5.508823617619392,-5.453873892116914,-5.399379362828548,-5.343198669015372,-5.284164395844634,-5.199715579072137,-5.009841386906979,-4.81825035495916,-4.624441211640036,-4.428033716535838,-4.228726587659031,-4.026275830807858,-3.8204729409873,-3.6111343149255415,-3.391125629606904,-3.16446566965792,-2.934738184063055
mp-22216,In2S3,Tetragonal,I4_1/amd,True,0.0,-0.7429748416874986,5.0,-3.5652161939012883,-3.4965117833991344,-3.4240164486897404,-3.3487336412440607,-3.2686983229708826,-3.150077002738584,-2.872978417564224,-2.593135203925506,-2.3099965820944917,-2.023221609673868,-1.7326047418886805,-1.438022440009993,-1.1394255149679289,-0.8367959162592804,-0.5301508286594387,-0.21952916036987347,0.09502403807020343
mp-556597,In3S4,Cubic,Fd-3m,True,0.07289500857143061,-0.6529087123214278,7.0,-4.341132096881603,-4.240076578640283,-4.133599966436278,-4.0234097300446265,-3.9066779129920706,-3.73818552633143,-3.3580209577657394,-2.973796880796286,-2.584764797989582,-2.1904665639542547,-1.7906306879647327,-1.3850975857543961,-0.9738105188626474,-0.5567542699611696,-0.1339617073950503,0.2945044059093984,0.7285744696849079
mp-22846,In5S4,Cubic,Pa-3,True,0.07945004749999995,-0.5275507693055551,9.0,-4.428927353058732,-4.293251144036184,-4.14995467093275,-4.002962610406101,-3.8481995718730904,-3.6398005617564486,-3.2175143978409517,-2.7887687028139823,-2.3527302324646246,-1.9089195082317723,-1.4570804532361006,-0.9970842874426911,-0.5289273541864254,-0.0526475361947476,0.4316625663199165,0.9238748784850603,1.4238626027435828
mp-1224137,In5S8,Cubic,F-43m,False,0.09414893912259537,-0.6202499471153828,13.0,-7.690648138280592,-7.516086513152558,-7.331782285158249,-7.140041790406436,-6.935832833005544,-6.6290404373762515,-5.900011163883759,-5.164062884937605,-4.419740979059515,-3.6661398220516124,-2.902708725539636,-2.1291131188744856,-1.3452129842372358,-0.5509513369433812,0.25363595225060465,1.068456013465159,1.8933982448106903
mp-555853,In6S7,Monoclinic,P2_1/m,True,0.020802454615385102,-0.6851884345913478,13.0,-8.412495963704547,-8.207634079216222,-7.9924605914988724,-7.770795025239804,-7.537220668819607,-7.212362039844432,-6.516246478075243,-5.812126768084076,-5.098661259320796,-4.375040197411849,-3.6407942537798235,-2.895655707545032,-2.139545172074719,-1.3724559295652625,-0.5944678990707928,0.19428459230780604,0.9936582951191361
mp-19795,InS,Orthorhombic,Pnnm,True,0.0,-0.6828759189062499,2.0,-1.288351994937549,-1.256543645187692,-1.2231051256823886,-1.1887404547257276,-1.1525867139356583,-1.1032584054966246,-1.0007351800946025,-0.8968970747531766,-0.791546371766795,-0.6845658681413989,-0.5758896179263764,-0.46548157558403513,-0.35333419172365943,-0.23945029952014174,-0.12384558254316946,-0.006543895517597598,0.11243021182852964
mp-1188655,Ir2S3,Orthorhombic,Pbcn,True,0.0,-0.48750546118749866,5.0,-2.3906958104708997,-2.3608389324671437,-2.333306070402283,-2.30394547027492,-2.270447999056807,-2.198694110789143,-1.9685728192159426,-1.7356530047906555,-1.4992512246770868,-1.258908383397138,-1.0143256574278574,-0.7652965935976539,-0.5117015255603841,-0.2534602169808542,0.009464041753280306,0.27708209110614224,0.5493924106209125
mp-1101826,Ir3S8,Trigonal,R-3,True,0.0,-0.42109407295454687,11.0,-4.570487579471784,-4.50557131668854,-4.442284031376424,-4.372982044553055,-4.293364452031177,-4.113533200620805,-3.513844835695827,-2.9095566464432974,-2.2990997634999957,-1.6814126662165982,-1.055789334250596,-0.42174002105721436,0.22103408889236675,0.8727363590863746,1.5334714922172843,2.203286553350125,2.8821934330087267
mp-2833,IrS2,Orthorhombic,Pnma,True,0.0,-0.502104100624995,3.0,-1.4882032021883043,-1.4714148607951483,-1.4555232350232665,-1.4382501553033467,-1.4183214544577127,-1.3731461117567072,-1.2227433518948911,-1.0708838963142573,-0.9171483514382888,-0.7612539013233408,-0.6030143077710703,-0.4423006203689086,-0.2790359607995585,-0.11316835246892865,0.05532765061114553,0.22646186929684475,0.400235567818199
mp-1022,K2S,Cubic,Fm-3m,True,0.0,-1.2475660384375,3.0,-3.546945492811764,-3.475871419701983,-3.406213313910632,-3.335343728778696,-3.261890036227837,-3.174168610460256,-3.031945787120402,-2.794486924122257,-2.4901657045333434,-2.184393979974923,-1.8769974311997828,-1.5678662817602218,-1.2569324629984742,-0.9441528079799797,-0.6295148260982426,-0.31300869649707774,0.005358035394006144
mp-7667,K2S3,Orthorhombic,Cmc2_1,True,0.0,-0.9444977121874999,5.0,-4.49662518374601,-4.405277164351814,-4.314283942883351,-4.220208902407158,-4.121201012190688,-3.9834516554351076,-3.6870260390750826,-3.2951346458856703,-2.8358404703007167,-2.3743422911230994,-1.9103184833581341,-1.4435563752510294,-0.9739197175671155,-0.5013179096658575,-0.025710096212787192,0.45293114614475627,0.9346063698110179
mp-17146,K2S5,Orthorhombic,P2_12_12_1,True,0.0,-0.6998915505803568,7.0,-4.686632094432392,-4.585851471816813,-4.484364477734273,-4.377925324976861,-4.264204580157809,-4.087268635477265,-3.6474815691601044,-3.11199898884246,-2.5085732003245003,-1.902189909590719,-1.2923801858989634,-0.6788284621873508,-0.06133030864430289,0.5602523090766791,1.1859886110380486,1.8159236230889366,2.4500659954673445
mp-1287,KS,Hexagonal,P-62m,True,0.0,-1.098999187447916,2.0,-2.0974798009034763,-2.0580956342601566,-2.0191541589278788,-1.9791393590085218,-1.9372453197993644,-1.88209898065125,-1.7736582272089547,-1.617542019644741,-1.4278595273339494,-1.2372634078826146,-1.0456296752302627,-0.8528777173262719,-0.6589564546975323,-0.46383244545026986,-0.267492353099243,-0.06992686659224094,0.12886226581442153
mp-1196514,KS3,Monoclinic,P2_1/c,True,0.0,-0.6176902105468747,4.0,-2.3849703825885897,-2.3365219869319045,-2.2874551131935643,-2.2354445752010035,-2.179206055597282,-2.0852415027322175,-1.8338076735408038,-1.534468653056373,-1.2010229220205897,-0.865910065221108,-0.5288587908499824,-0.18968559154949816,0.15172879273035988,0.49546523758933336,0.8415654442406435,1.190056326232975,1.5409442331437653
mp-7475,La2S3,Orthorhombic,Pnma,True,0.0,-2.5077284451874986,5.0,-12.418339203461997,-12.368628202321343,-12.31990629459277,-12.268220720937258,-12.21186555089691,-12.116640396931329,-11.862355504064006,-11.604507202611064,-11.337665197894047,-11.05397442614964,-10.765606396030869,-10.472497681779732,-10.174650915853016,-9.872093650690974,-9.564884528290328,-9.253093549768545,-8.936801004302968
mp-567,La3S4,Cubic,I-43d,True,0.026359346785710613,-2.459141285892857,7.0,-17.00245129774041,-16.92330056798328,-16.84589877069244,-16.764519059427975,-16.6767221391666,-16.536738676347973,-16.18420932068477,-15.826392286435915,-15.455219803742143,-15.058962545163071,-14.655914600115114,-14.246006553788042,-13.829259400011246,-13.405726325871619,-12.975502385546225,-12.538696981335384,-12.095432571463556
mp-1223154,La4S7,Tetragonal,I-42m,False,0.08027549068181727,-2.227961026392044,11.0,-24.26086230378404,-24.153541437302508,-24.047668172948775,-23.934932406907603,-23.81168307693608,-23.5984569124529,-23.015023839150146,-22.424349080090607,-21.81541670160054,-21.172410039744108,-20.519598458953624,-19.856803660059573,-19.18399681768703,-18.501209319863545,-17.80854426821857,-17.106132863738793,-16.394131635862028
mp-32640,La5S8,Tetragonal,I-4,False,0.09537048451922914,-2.3279575295432684,13.0,-29.98832566515752,-29.867270432223904,-29.74842264047231,-29.621698098986577,-29.482712380958418,-29.240433269786585,-28.57446109585235,-27.899522966161292,-27.201965471858855,-26.462097685332147,-25.710311551776883,-24.946422782971275,-24.17042091491306,-23.38236297027638,-22.58238846287104,-21.770667994866606,-20.947400264747984
mp-2350,LaS,Cubic,Fm-3m,True,0.0,-2.4299311014062503,2.0,-4.79240246591428,-4.768906473331766,-4.7461703198034675,-4.722419918228484,-4.696921904041421,-4.658107331222341,-4.565806604460432,-4.471781607698486,-4.373394865755698,-4.266772114955002,-4.1580359360597825,-4.047180340017811,-3.934223688201704,-3.8191916152580836,-3.7021205333673035,-3.5830498437122156,-3.4620217153399304
mp-1508,LaS2,Orthorhombic,Pnma,True,0.0,-2.1415035281249977,3.0,-6.358123743161469,-6.328522845694268,-6.299151202584932,-6.267830141595338,-6.23358709683299,-6.173790626777427,-6.008420571762953,-5.841211378162891,-5.669370226479602,-5.488916316626827,-5.305898576494213,-5.120259569375989,-4.931983566356316,-4.741072485228833,-4.547548555809906,-4.351442378034148,-4.152792072031792
mp-1153,Li2S,Cubic,Fm-3m,True,0.0,-1.5254926603819439,3.0,-4.4320690731953984,-4.383083662308725,-4.328524531224287,-4.2729632797669765,-4.2150542270523275,-4.143088872949735,-4.016868791741782,-3.8881835679061654,-3.7567993289318187,-3.6225923509619498,-3.485502322108005,-3.3455210361145387,-3.2026695573496444,-2.912075989024384,-2.57844878161118,-2.2429596450617497,-1.9056140519445304
mp-995393,LiS4,Triclinic,P1,False,0.0,-0.6129430461666665,5.0,-4.037796724124156,-4.252319554676806,-4.462198478693356,-4.66830324810597,-4.869123817827536,-5.020087203540955,-4.961617217145397,-4.901512619386585,-4.839112768900057,-4.7739829263252425,-4.705835150659789,-4.634485271988573,-4.559824506486046,-4.4093338967722975,-4.2353180298095765,-4.058331956204913,-3.8783642410334576
mp-2826,Lu2S3,Trigonal,R-3c,True,0.0,-2.3534661273541646,5.0,-11.682760926303983,-11.642402489316193,-11.604001171858528,-11.563539955898914,-11.518773967102163,-11.435610606703342,-11.1939181598358,-10.94921990400952,-10.70076813769525,-10.448020850972233,-10.190577650125254,-9.928128438929402,-9.660433325096673,-9.387289773488954,-9.108530484246716,-8.824009880936508,-8.519810221953685
mp-1222266,Lu3S4,Tetragonal,I4/mmm,False,0.0,-2.2900251758928505,7.0,-15.865230788099256,-15.798356977657892,-15.73468413885989,-15.668389037225753,-15.596223961916252,-15.472581262534243,-15.13718864895719,-14.797344756234803,-14.452005704231627,-14.100411746271117,-13.741999118217322,-13.37632839955965,-13.003056797010316,-12.621892366288655,-12.232591248787344,-11.834939480480344,-11.408062473419124
mp-656,LuS,Cubic,Fm-3m,True,0.0,-2.1080337922395778,2.0,-4.144946619492865,-4.120744937963684,-4.09778710854774,-4.074266914797608,-4.049181520209246,-4.011015873150446,-3.919629398365327,-3.8267974533936155,-3.732223859629101,-3.635690880316001,-3.5370351450335784,-3.4361273294961467,-3.332864532703936,-3.2271573455143785,-3.118929209179701,-3.0081117361073018,-2.8877480799532966
mp-1315,MgS,Cubic,Fm-3m,True,0.0,-1.6615034487499991,2.0,-3.2666189582880443,-3.246457324413516,-3.227491866847696,-3.2078013253539672,-3.186321714026831,-3.151495487582212,-3.0557664102988715,-2.9559976772042305,-2.85422300553081,-2.7503666495058816,-2.6131495212396705,-2.408994610277658,-2.2036735038824955,-1.9971537965909438,-1.7894190426261614,-1.5804640766580702,-1.3702896105124518
mp-1185959,MgS2,Trigonal,R-3m,False,0.0,-1.1538006533333327,3.0,-3.4104082918401653,-3.385222096922803,-3.3607014936178015,-3.3345206365513205,-3.30537633849075,-3.2506485586515064,-3.0829304969574567,-2.911057910866556,-2.73690917329449,-2.5603020020593363,-2.349883656397587,-2.072025678201177,-1.7924655644443055,-1.511147192810748,-1.2280399351596731,-0.9431298249127664,-0.6564135249789338
mp-974355,Mn2S3,Trigonal,R-3c,False,0.03270704200000196,-0.9025616824806022,5.0,-4.448827260011709,-4.412681102201816,-4.377105319868571,-4.337869390290049,-4.292651743271603,-4.207363925770431,-3.9609766740780916,-3.7063185463181405,-3.4466611185692386,-3.18173392571034,-2.910079414882322,-2.6279548319341712,-2.3258359398610935,-2.014361266902693,-1.696806535430878,-1.3733184424225762,-1.0440519000535247
mp-2065,MnS,Cubic,Fm-3m,True,0.0,-1.139877806147629,2.0,-2.2489613290936923,-2.234373887840199,-2.220336926673203,-2.204937476800355,-2.1871343537878847,-2.1554145788646473,-2.069188802353869,-1.9788850221020593,-1.886216698306968,-1.7911018666126668,-1.6928485770264632,-1.5896111762996235,-1.476644591073975,-1.3592799438958147,-1.2391621871330898,-1.1163690698983837,-0.9909800727380018
mp-1422029,MnS2,Trigonal,R-3m,False,0.0,-0.7988626700359186,3.0,-2.3891670082123513,-2.3740497584795355,-2.3589524041368684,-2.3415573912547774,-2.320584334072384,-2.2734577583180324,-2.119737749960054,-1.9618248692754952,-1.8012772321452686,-1.637906337804253,-1.4709465833860222,-1.2985008679882948,-1.1157900279644473,-0.9281214690077908,-0.7371259611222847,-0.5428724521722721,-0.3454363737871855
mp-1627,Mo2S3,Monoclinic,P2_1/m,True,0.09554071300000189,-0.7734104646875011,5.0,-3.8520826701331474,-3.8306332902923783,-3.8115908408331656,-3.790766256254911,-3.7658752778621682,-3.7028543269449306,-3.4816338744685424,-3.257811820941383,-3.0307295978600557,-2.7999364011907284,-2.5651292616883152,-2.32609550759803,-2.0826926711019933,-1.834817714393279,-1.5823986892214172,-1.3253853707620191,-1.0637419679727067
mp-2164,Mo3S4,Trigonal,R-3,True,0.06481158214285543,-0.7627609680357169,7.0,-5.376033080103518,-5.361835770697805,-5.3515141492125995,-5.3389869099656195,-5.320947265577245,-5.251831095732726,-4.971459389057519,-4.687242715098934,-4.3982708932602925,-4.103920985695438,-3.803775364973612,-3.4975407472894045,-3.185020476060229,-2.866071853002188,-2.5405940469215675,-2.208516121205898,-1.8697864137500577
mp-1434,MoS2,Trigonal,R3m,True,0.0,-0.965501308541666,3.0,-2.9030990774783376,-2.8927078177814005,-2.883254730927068,-2.8724429915964294,-2.8590108697782055,-2.8203953283671392,-2.676636320668453,-2.531519078151608,-2.384636644406487,-2.235710349211576,-2.0845518815074646,-1.9310291815899872,-1.7750539704059793,-1.6165628706254829,-1.4555128169412717,-1.2918742963170287,-1.125627388773129
mp-648,Na2S,Cubic,Fm-3m,True,0.0,-1.2689239159375003,3.0,-3.6156220316111836,-3.5450467702708464,-3.4759620992473326,-3.405802757713623,-3.333241720534841,-3.2466223091070523,-3.1057440248517683,-2.9623591407474916,-2.7678407698249488,-2.448250605649747,-2.1270397629799573,-1.8040984653678809,-1.4793586441557505,-1.1527812781311413,-0.8243497309654177,-0.49405832752453804,-0.16191461323800116
mp-28127,Na2S5,Orthorhombic,Pnma,True,0.0,-0.6068315702232141,7.0,-4.02396816515314,-3.9197246110373385,-3.814849308452968,-3.705158656024116,-3.5883688233074738,-3.4085731496970517,-2.9661688791947967,-2.5207985345013517,-2.0232138513800955,-1.399050377759865,-0.7714646169037902,-0.14014100174999733,0.4951248975131026,1.134466969509866,1.7779585800248865,2.4256406091851606,3.077521707228687
mp-2400,NaS,Hexagonal,P6_3/mmc,True,0.0,-1.0037896839062501,2.0,-1.9004426726704635,-1.8590780183370192,-1.8181933668138126,-1.776303795118721,-1.732626190020755,-1.6758009644676881,-1.5658025869928318,-1.4544934753007042,-1.3174825137482509,-1.1177472809136777,-0.9169765077391547,-0.7150895821740582,-0.512035424745279,-0.30778266642011065,-0.10231589785224493,0.10437211914946243,0.3122796363286975
mp-12180,NaS2,Tetragonal,I-42d,True,0.0,-0.7052102397916661,3.0,-2.0011899871004872,-1.9516261946780609,-1.9020118203695238,-1.8504573560555313,-1.7959404871779836,-1.716039131184143,-1.5308771922524271,-1.3442896505178918,-1.1317300460206439,-0.856069420929698,-0.5789228533134878,-0.30015828346784623,-0.01969054163120809,0.2625354580821142,0.5465493073824206,0.8323670457090921,1.1199909737226923
mp-683941,Nb14S5,Orthorhombic,Pnma,True,0.0,-0.6587735807894717,19.0,-12.079562733536395,-11.946232524547746,-11.838037042987038,-11.732416393094978,-11.617382105566751,-11.431590627632776,-10.972294875975924,-10.49727876556841,-10.004533906175578,-9.492812392492176,-8.961302476029584,-8.40952724731801,-7.837208996577203,-7.24418004913602,-6.6303523154219945,-5.995718182020738,-5.34023699458028
mp-12627,Nb3S4,Hexagonal,P6_3/m,True,0.0,-1.3863104550000014,7.0,-9.644355607707233,-9.60558425396199,-9.57064505805486,-9.533518900135551,-9.490936304323643,-9.397354915345582,-9.092623705451228,-8.784187446395483,-8.471160831914464,-8.152964454244419,-7.829208669578978,-7.49964061490353,-7.164100945134691,-6.822484273487749,-6.474730189559796,-6.120811286820766,-5.7607069960815185
mp-32983,Nb3S5,Triclinic,P1,False,0.0,-1.419506764375,8.0,-11.269385984503261,-11.217528863651166,-11.168973315940832,-11.11729563638475,-11.058987147775388,-10.937442999338682,-10.552661598969598,-10.164060280853572,-9.770598394409888,-9.371589995465596,-8.966571787340596,-8.555239459366733,-8.137399576172163,-7.712923034119198,-7.281735240440934,-6.843799987359066,-6.399092656767582
mp-1220654,Nb5S8,Trigonal,P312,False,0.010622922692307135,-1.4029255297435896,13.0,-18.11424204086185,-18.03510214196608,-17.9616417265387,-17.88328948131293,-17.794277344718587,-17.603951397299063,-16.992259173664277,-16.374238709979764,-15.74820737004995,-15.113057425722992,-14.468041266823287,-13.812668858121757,-13.146629170761491,-12.469714937630664,-11.781806564905764,-11.08284664003904,-10.372795482492753
mp-1220475,Nb7S8,Trigonal,P3m1,False,0.0693944111626017,-1.2270090480000002,15.0,-18.146159479362876,-18.034340018959966,-17.932169706441112,-17.826143375671936,-17.708951184700943,-17.489077631890517,-16.84597107163018,-16.194372554773995,-15.532423492462023,-14.858913981791092,-14.17303305771133,-13.47425930339336,-12.762266367360553,-12.03683996958592,-11.2978580622813,-10.545268431874185,-9.779028482145776
mp-647,NbS,Hexagonal,P6_3/mmc,True,0.06572968405487778,-1.1520051537500002,2.0,-2.261790021780107,-2.2454203401447392,-2.2305049060208573,-2.2151722078374396,-2.1984121540767165,-2.168731458147673,-2.086029965585227,-2.0021317461641663,-1.9167934792354764,-1.8298575410143036,-1.7412186011897712,-1.6508095213081897,-1.558588549771247,-1.4645284632683717,-1.3686138524532536,-1.2708385155652824,-1.17119694584704
mp-10033,NbS2,Hexagonal,P6_3/mmc,True,0.0,-1.3478993033333317,3.0,-4.03101820685418,-4.015660542056468,-4.001226540073895,-3.985440104198214,-3.9670519415845478,-3.9235062701413685,-3.774852371048701,-3.624886876511871,-3.4732111215650256,-3.319560946014117,-3.1637573666745347,-3.0056817974390464,-2.845258396420885,-2.6824362234564916,-2.517185686835571,-2.349491783549274,-2.1793449579233064
mp-1190583,NbS3,Monoclinic,P2_1/m,True,0.0,-1.1487367552083327,4.0,-4.573214954265354,-4.549221069806237,-4.52562026346591,-4.499731853398906,-4.470067345433236,-4.403008461976861,-4.1787539198549135,-3.9530729137032523,-3.72541143423919,-3.495398784859487,-3.262782329505795,-3.0273920344173404,-2.7891179674188975,-2.5478854714939274,-2.3036507725681425,-2.056390066384458,-1.806089748351706
mp-438,Nd2S3,Orthorhombic,Pnma,True,0.0,-2.3760052186874985,5.0,-11.626411713466256,-11.542509526317478,-11.45916320461788,-11.372084185535677,-11.278814090045836,-11.14507168902637,-10.850557365864242,-10.550636860628387,-10.240505882682436,-9.921226816571089,-9.585011591738171,-9.241914417291213,-8.892074734517378,-8.53564654038198,-8.1728024842404,-7.8037058459580955,-7.4285301934603964
mp-2656,Nd3S4,Cubic,I-43d,True,0.03791326500000025,-2.3154009248214282,7.0,-15.797623964923904,-15.667517013886357,-15.53850915337076,-15.404369831698041,-15.261531080994196,-15.064102305326522,-14.651559361952888,-14.23096457976144,-13.795189194956041,-13.345880052558336,-12.87139187317094,-12.386831694281907,-11.892425722966212,-11.388416813098331,-10.87507102989331,-10.35263769377346,-9.821379181085224
mp-1209822,Nd4S7,Tetragonal,P-42m,False,0.059381074886363905,-2.1236200276988613,11.0,-22.84721879193591,-22.671698100630202,-22.49675855552653,-22.313418445824063,-22.116521812145642,-21.82644370074678,-21.16273431404651,-20.48809769461324,-19.792769916857385,-19.07876921345916,-18.330445790432485,-17.56785661833887,-16.79124648946418,-16.00089968088608,-15.197147308951317,-14.38030713214258,-13.550722237393668
mp-1220205,Nd5S4,Trigonal,R-3m,False,0.053334269166668946,-1.9880760576388827,9.0,-17.255211848377392,-17.06690315121485,-16.88184116411248,-16.690720527971102,-16.488232499873007,-16.22739274126502,-15.746929185856681,-15.253352215313438,-14.73519480815331,-14.195485803170214,-13.6150128090318,-13.019091415294284,-12.40818954118517,-11.782775188103193,-11.143329617710755,-10.49029183404032,-9.824109928114321
mp-1220359,Nd5S9,Monoclinic,C2,False,0.07095966453125158,-2.077576417321424,14.0,-28.43950410741303,-28.21705650004258,-27.995202679250575,-27.76261436025169,-27.512786793492687,-27.14342316291783,-26.2939985804622,-25.430886239943934,-24.54184239829683,-23.62936321226887,-22.673868026159035,-21.700415191255793,-20.70930217534439,-19.70087839555864,-18.675554201741004,-17.633724591682757,-16.575817411821944
mp-1748,NdS,Cubic,Fm-3m,True,0.0,-2.2965866176562493,2.0,-4.459118737096134,-4.418542380866988,-4.378509249710609,-4.337077354779712,-4.293137107225337,-4.235079140236746,-4.1226789276848645,-4.007633058388896,-3.8876170591890706,-3.763215390562337,-3.630570843667477,-3.494736246885024,-3.355798366002789,-3.2138460579299237,-3.0689727385261074,-2.9212644483481887,-2.7708099958172756
mp-13568,NdS2,Monoclinic,P2_1/c,True,0.0,-2.015294486041666,3.0,-5.913051563168294,-5.866407728948199,-5.819776535104524,-5.77081140765276,-5.718163556416837,-5.6391611190855055,-5.453729005174798,-5.265536365934455,-5.072103383887869,-4.873907983102797,-4.667019301864283,-4.456438720899319,-4.24221891570726,-4.024425026344272,-3.8031362863060494,-3.5784299349012,-3.350390731633958
mp-362,Ni3S2,Trigonal,R32,True,0.0,-0.5710661109999997,5.0,-2.743398988371559,-2.701843192489245,-2.66204033932201,-2.6176642436097097,-2.5680754619131516,-2.490543783403351,-2.304737462120737,-2.114168582125541,-1.9182438700379603,-1.716578335163021,-1.5089140929838347,-1.2950887386264744,-1.0750079982928629,-0.8486201374874671,-0.5931610796497147,-0.3219132423348636,-0.043943285658741615
mp-1050,Ni3S4,Cubic,Fd-3m,True,0.0,-0.6579717471428553,7.0,-4.475941523829371,-4.417157185449785,-4.359064620392582,-4.2945284731231705,-4.2224308975481435,-4.0979166918374865,-3.760952981321849,-3.418996974922531,-3.0711447106260517,-2.716798124919059,-2.3555520275371915,-1.9871411182994327,-1.6114029428307965,-1.2282383329297826,-0.8148548473078421,-0.38451730102375414,0.05371574364039944
mp-767469,Ni9S10,Triclinic,P-1,False,0.08902302263157758,-0.5477238065789474,19.0,-9.994701152511379,-9.825477131490155,-9.65938959982878,-9.475841661197919,-9.27195817997157,-8.93529854166072,-8.06546525096709,-7.180884809793522,-6.279156020733253,-5.358697766064583,-4.418441780741926,-3.457695059529314,-2.476038419878691,-1.4732217908915288,-0.38089621343016233,0.7611262648326047,1.925661859216774
mp-976920,Ni9S8,Orthorhombic,C222,False,0.0,-0.6105278129411749,17.0,-10.034945320674566,-9.895473475555875,-9.760199289189725,-9.609335035521234,-9.440483981578616,-9.163330503873878,-8.457178235818539,-7.736508554454346,-6.999230951008233,-6.243977380576887,-5.4698268838621615,-4.676189350935211,-3.8627137798248654,-3.029197533338589,-2.107320017066659,-1.1369108811783981,-0.14516200818752623
mp-1547,NiS,Trigonal,R3m,True,0.014181840833332515,-0.6101837862499989,2.0,-1.1768406640223241,-1.1593102592258828,-1.142187307102352,-1.1232282175192756,-1.1021401088878873,-1.06765874576502,-0.9797233580458536,-0.8901621612273104,-0.7987256160771761,-0.7052498802273961,-0.609624441214429,-0.5117780148624522,-0.41166781314261947,-0.30926868560542636,-0.19698787927602032,-0.0792499329234051,0.040924283052764444
mp-1180046,NiS2,Monoclinic,P2_1/c,False,0.0,-0.5908853016666663,3.0,-1.7387342708322637,-1.7172320558074432,-1.6956067087591853,-1.671210054417811,-1.6435100098674438,-1.590179844164406,-1.4313082228489835,-1.2706959238486353,-1.1079380636143101,-0.9427642633687596,-0.7749903577747088,-0.6044936150027889,-0.4311971567357027,-0.2550521156709564,-0.06845155646971346,0.1241887833472628,0.3198520822971922
mp-20905,OsS2,Cubic,Pa-3,True,0.0,-0.4834472443750049,3.0,-1.4302475483257924,-1.413106740390988,-1.3969787282971824,-1.3795925974887941,-1.3596907636766793,-1.3147070804639784,-1.164680464725385,-1.013398220791422,-0.8604554651130405,-0.7055859646351252,-0.5486096997425332,-0.3894122300501617,-0.22792082296284688,-0.06409282976129482,0.10209097695945779,0.2706362723334603,0.4415381020075424
mp-21276,PbS,Cubic,Fm-3m,True,0.0,-0.7835693762499978,2.0,-1.4775848979389465,-1.4485083722613985,-1.4203419680653835,-1.3829869882069938,-1.343634615978014,-1.2909957416024793,-1.1850894001266292,-1.0778350129343113,-0.9690680280970376,-0.8586950805230149,-0.7466585157058963,-0.6329243609690547,-0.5174778119080434,-0.40031444668402205,-0.28143958456134666,-0.1608646430984697,-0.03860588057917269
mp-1025039,PbS2,Tetragonal,I4/mcm,False,0.0,-0.6212915933333338,3.0,-1.7767972904863192,-1.7419667272647485,-1.7075157008283646,-1.6629409288960333,-1.6151943934324313,-1.5419244891610835,-1.3632996867733347,-1.183211970083569,-1.0013414428464613,-0.8174882035610249,-0.6315209448471792,-0.44335424637475196,-0.25293921345084414,-0.06024770738362761,0.1347291349265296,0.3319886971694084,0.531518769978109
mp-558378,Pd3S,Orthorhombic,Cmcm,True,0.0,-0.26184143320312714,4.0,-0.9350838868684731,-0.9007759757132402,-0.8710617956280335,-0.8412603538382255,-0.808869527110315,-0.7615593210050853,-0.6587459472950687,-0.5519627090267609,-0.4408027700531916,-0.32501876900457916,-0.20446689502856552,-0.079067283820768,0.05122159237884372,0.18644018837921017,0.32662191394929074,0.49419198289168875,0.6740134582626265
mp-7819,Pd4S,Tetragonal,P-42_1c,True,0.0025734079999999437,-0.20689973856250105,5.0,-0.8766155363286503,-0.830952523917343,-0.7915913478315195,-0.752425546084085,-0.7101986881394069,-0.6521582799120331,-0.5374761252169731,-0.41753910730603927,-0.2918565594222211,-0.16013417854220346,-0.02220476782075753,0.12202100926345061,0.272587159627637,0.42953971739940044,0.5929185014826821,0.7926208631982181,1.0084628703153387
mp-20250,PdS,Tetragonal,P4_2/m,True,0.0,-0.4570447626562508,2.0,-0.8783451614230738,-0.8630811680237329,-0.8489946951835026,-0.8342556885526905,-0.8178706395020576,-0.7883545528848568,-0.7056124563886703,-0.6214704926493542,-0.5356894867400261,-0.4481159605979652,-0.35865287535656076,-0.26723931114532284,-0.17383869851860556,-0.07842174130477142,0.01903215199515751,0.12600392014754114,0.2374506167823709
mp-13682,PdS2,Orthorhombic,Pbca,True,0.0,-0.33767386020833595,3.0,-0.9933764665135243,-0.9757641567528059,-0.9587987828548494,-0.9402457053327404,-0.9188722142301309,-0.872130818899761,-0.7200759826743202,-0.5665064106202005,-0.4110275834936825,-0.25337948682285294,-0.09339142886736607,0.06904895789681209,0.23401233320378267,0.40155171007816826,0.5717018623829322,0.7519525301326757,0.9372648158742631
mp-15179,Pr2S3,Orthorhombic,Pnma,True,0.0,-2.3647651148541655,5.0,-11.553078190073418,-11.46515755986934,-11.378000081221089,-11.28730268126942,-11.190617345294626,-11.053673208480056,-10.75620796571187,-10.45175287501516,-10.13792060175708,-9.750445241110928,-9.354074349820111,-8.951679673396779,-8.543348831601428,-8.129186072733791,-7.709312224622568,-7.283861547078299,-6.852962005082848
mp-1449,Pr3S4,Cubic,I-43d,True,0.03379994107142892,-2.3076088151785723,7.0,-15.71665067803549,-15.580333809152703,-15.445426959951835,-15.30567781371262,-15.157533949019061,-14.955120316396435,-14.537968740351426,-14.110389826706404,-13.668880245670527,-13.117094408208324,-12.552190475871782,-11.978501790755896,-11.396176827645643,-10.805383817417102,-10.206311092995335,-9.599164444720245,-8.984137844523097
mp-1220037,Pr5S9,Monoclinic,C2,False,0.07341640441964259,-2.0670399033184514,14.0,-28.251026125218548,-28.018998841313,-27.7880835592525,-27.54691571918309,-27.289016482314853,-26.91211494335538,-26.055779492987742,-25.18179711992048,-24.283966471096207,-23.201462979834385,-22.096045058682925,-20.97481489994189,-19.837940417579855,-18.685646657066634,-17.51821441442804,-16.335966137318024,-15.139215664815978
mp-2495,PrS,Cubic,Fm-3m,True,0.0,-2.28301785973958,2.0,-4.42328185685119,-4.3806630635197665,-4.338691138314431,-4.295416837374172,-4.249735754002691,-4.190043703541917,-4.076134815612378,-3.9587884380113527,-3.8368885755808346,-3.678355544112069,-3.5155999484136293,-3.350083385068359,-3.1818667091007384,-3.0110139030871217,-2.837592472123857,-2.6616739467403265,-2.483324333885909
mp-555096,PrS2,Monoclinic,P2_1/c,True,0.0,-2.010131563263888,3.0,-5.889074217883959,-5.840440643426738,-5.791923352399257,-5.741168515803281,-5.686832525615403,-5.606248701677041,-5.419360609253828,-5.228920158573579,-5.033656010161451,-4.801381943399497,-4.564434910222554,-4.324225059559925,-4.08077915614763,-3.8341374657090412,-3.584353310976523,-3.331489421231211,-3.075607754505616
mp-288,PtS,Tetragonal,P4_2/mmc,True,0.0,-0.5329758164062461,2.0,-1.0328053752959716,-1.0182883329599826,-1.0050120334456316,-0.991132948806295,-0.9756523882600668,-0.9470770652159342,-0.8653078616393466,-0.78216781087456,-0.6974146287030931,-0.6108906913400909,-0.5224989599189431,-0.43217747813862717,-0.339891749414563,-0.24562595117204467,-0.14937711123116193,-0.05115042856717,0.049040947827752035
mp-762,PtS2,Trigonal,P-3m1,True,0.0,-0.4394137552083303,3.0,-1.3006746732681902,-1.283679418416267,-1.2673943216896342,-1.249571270004445,-1.228972371251684,-1.1830418433398253,-1.0318300038794277,-0.8791324486452812,-0.7245515491020678,-0.5678231450557409,-0.4087765447659555,-0.24729834427814223,-0.08331995671926862,0.083198157338356,0.25227315243863213,0.4239086308545401,0.598095492510776
mp-8041,Rb2S,Cubic,Fm-3m,True,0.0,-1.160430145833334,3.0,-3.232236873964772,-3.148269238913464,-3.0655144307960684,-2.9813056185933107,-2.8942681013657845,-2.79272447189889,-2.593130706713895,-2.282472534766916,-1.9706306091208092,-1.6573443970883943,-1.3424395794224608,-1.025804306814237,-0.7073663648838284,-0.38708051383560793,-0.0649301173409409,0.25909671831741665,0.5849945205710263
mp-7446,Rb2S3,Orthorhombic,Cmc2_1,True,0.0,-1.0860447794999981,5.0,-5.179207009582784,-5.082002285824253,-4.984949219606942,-4.884571809637121,-4.779016952321177,-4.634482249443476,-4.287722548815507,-3.8296687042544555,-3.3698906801895028,-2.907914871115083,-2.443419652036516,-1.9761902783379455,-1.5060863550625658,-1.0330152087087736,-0.5569318382199704,-0.07780674738242688,0.4043626890691687
mp-16911,Rb2S5,Orthorhombic,P2_12_12_1,True,0.0,-0.9546030017857144,7.0,-6.473238069947495,-6.373795574918414,-6.273443568037853,-6.167896877737643,-6.054823997769946,-5.878297538918112,-5.395371220283836,-4.800921020545379,-4.204206215498251,-3.6045401268184984,-3.0014538237639705,-2.3946296664117206,-1.7838590792280355,-1.1690019550053456,-0.5499849279590734,0.07323910062098449,0.7006808538338944
mp-9062,RbS,Hexagonal,P-62m,True,0.0,-1.1589840758333307,2.0,-2.198170656502825,-2.1541825962251835,-2.1105356570663254,-2.0656941309479997,-2.0188510667369495,-1.958636513075619,-1.8233531760471962,-1.6324802013450068,-1.440880243342061,-1.2483697674901706,-1.0548247877288641,-0.8601636555769835,-0.6643332187003542,-0.467298998774669,-0.2690455864536201,-0.06956263425446352,0.13114914599701955
mp-572758,ReS2,Triclinic,P-1,True,0.0,-0.9015415041666669,3.0,-2.700794043831021,-2.687437255823735,-2.6749004875782645,-2.6609159338306285,-2.644230156013814,-2.6022801170225645,-2.4551047337315692,-2.3064954561934883,-2.1560474008592703,-2.0034943346738006,-1.8486603837440692,-1.69142696196284,-1.5317265188876168,-1.3695143329380377,-1.2047732495702057,-1.0374955207890073,-0.8676902466697447
mp-974381,Rh2S3,Trigonal,R-3c,False,0.0,-0.6110454386875006,5.0,-3.0135404230009373,-2.984657760664181,-2.957661740581293,-2.928296965697548,-2.894208700041238,-2.8212794705146282,-2.5894086551670634,-2.354185863062662,-2.1149525256980235,-1.8712868590942477,-1.6229149140611803,-1.3696737675096253,-1.1114769188705083,-0.8482793704467575,-0.5800900155694979,-0.30692910669060147,-0.028845840071417328
mp-29841,Rh3S4,Monoclinic,C2/m,True,0.0,-0.60571331970238,7.0,-4.175554433176534,-4.134939841803014,-4.097420506158468,-4.056815623229424,-4.00971268972187,-3.9104667437394642,-3.5988521345336673,-3.2822669944853904,-2.9598011429979536,-2.630875172307598,-2.295114985065962,-1.952301920466026,-1.6023232727983974,-1.2451234039439736,-0.8807227450814281,-0.5091560755126849,-0.13049921408820825
mp-22555,RhS2,Cubic,Pa-3,True,0.045008807864585165,-0.4641957243750004,3.0,-1.3615961152564098,-1.3414313015225234,-1.3219445165673966,-1.3008057692950554,-1.2767180910560918,-1.2270914975513822,-1.0719503956281522,-0.9150758710337294,-0.7560609673579957,-0.5946415244069043,-0.4306437411485087,-0.2639604322114413,-0.09453130216693495,0.07767800626003574,0.25267013758590284,0.4304393662088506,0.6109631184566444
mp-2030,RuS2,Cubic,Pa-3,True,0.0,-0.6867098235416668,3.0,-2.034301911824646,-2.0159925683908027,-1.9988203924619463,-1.9804616115253024,-1.9596192569314623,-1.913687797923303,-1.7626740220289872,-1.610339322815709,-1.4562518695405524,-1.3001215912461395,-1.1417498125677281,-0.9809982552179517,-0.817777603713111,-0.6520203350011196,-0.4836771651915477,-0.31271547195648086,-0.13911637174682578
mp-2809,Sb2S3,Orthorhombic,Pnma,True,0.0,-0.2866659121874989,5.0,-1.4103707623003996,-1.3861747568509113,-1.3641203555664685,-1.3400392215571388,-1.3115517445184173,-1.2444368082992434,-0.974694739282902,-0.6999071660184022,-0.42139302945977697,-0.1388424801257111,0.14791893384275667,0.43898365825855734,0.734382226441979,1.034114033146622,1.3381390921253695,1.6006777064531112,1.9972799958243526
mp-1359089,Sb2S5,Monoclinic,P2_1/c,False,0.08012190446428669,-0.12463946138392755,7.0,-1.009393043997036,-1.012419684172479,-1.0165267591202727,-1.0167367616760372,-1.010191678881049,-0.9405454035832235,-0.5640971334560607,-0.18237362190964124,0.20361687873567735,0.5943972907795931,0.9902893718285366,1.3914884630025348,1.7980932781987775,2.21015064587683,2.6276489445175617,3.0048260796923394,3.5172402689294078
mp-1065860,SbS,Triclinic,P-1,True,0.08269745624999914,-0.15619080390625228,2.0,-0.38905875507605925,-0.40218645339977244,-0.41665024615418234,-0.4305682574629348,-0.44287028283733076,-0.44197701195209715,-0.36581389017632193,-0.2871854505692426,-0.20682883576629285,-0.12464238923141302,-0.04057571147198891,0.04539169659167319,0.13325805647548883,0.2230112071297654,0.31462406424895173,0.3852023787463752,0.5225191860108485
mp-401,Sc2S3,Orthorhombic,Fddd,True,0.0,-2.171056859687499,5.0,-10.81084521882074,-10.781056310561688,-10.753259760470897,-10.723320397435494,-10.688935307010436,-10.615974578931587,-10.384300279749098,-10.14943983269509,-9.910660046267775,-9.667445857740253,-9.419425893452246,-9.16632736867804,-8.907947702628832,-8.639184116605325,-8.36414562312815,-8.069192320221036,-7.76672143751839
mp-1476,ScS,Cubic,Fm-3m,True,0.0,-2.0748063064062503,2.0,-4.1053911670665775,-4.0881828008555985,-4.072235906076921,-4.055685189742725,-4.0374987952940415,-4.00614301534906,-3.9214741653602987,-3.8352696757285543,-3.747240622861347,-3.657182743599827,-3.5649471775507227,-3.470423256177947,-3.3735267342313255,-3.2717180807877035,-3.1670588932893926,-3.0527336213723713,-2.934942904312284
mp-1023900,SiS,Orthorhombic,Pmna,False,0.08684334124999893,-0.4750256451562507,2.0,-1.2075489324062272,-1.2674726753060122,-1.3293979010388357,-1.3913017791758233,-1.452081975881745,-1.500185091594659,-1.4954664053365525,-1.4897199303967503,-1.4826795446545074,-1.4741720778669694,-1.4640828718484613,-1.4523406424231606,-1.4389005287011551,-1.4191086814714748,-1.371423029212342,-1.3221471592495329,-1.2713014755889605
mp-1602,SiS2,Orthorhombic,Ibam,True,0.0,-0.7491586485416661,3.0,-2.3158415435183213,-2.3221091465621417,-2.3298476477426533,-2.336629631493757,-2.341113562653115,-2.3206835461582735,-2.1953442966763257,-2.068862389927134,-1.9408163594731143,-1.810926498662221,-1.6790044964350428,-1.5449276209622154,-1.40861692106537,-1.2653948306805516,-1.0937050959219956,-0.9198425028672403,-0.7438234066053218
mp-1403,Sm2S3,Orthorhombic,Pnma,True,0.0,-2.366152452,5.0,-11.579322235703538,-11.492947624621713,-11.40465595573675,-11.310231216354191,-11.207378783473256,-11.062035078383936,-10.754143009217977,-10.439319132233356,-10.116390809382183,-9.781399955706139,-9.43233141871921,-9.070245263361437,-8.701217605014406,-8.325421096393029,-7.94303045971375,-7.554227630591626,-7.159188249813054
mp-2038,Sm3S4,Cubic,I-43d,True,0.04255605750000235,-2.2970869907142832,7.0,-15.674354140894952,-15.540955099260065,-15.404945763268644,-15.260204406447613,-15.103408694959358,-14.888994508489121,-14.456801491411966,-14.014268196899593,-13.559713340038591,-13.087253061596066,-12.593901459279877,-12.08127435432685,-11.558502964953586,-11.025858128658955,-10.483609019949611,-9.932032942872262,-9.371395383064947
mp-1269,SmS,Cubic,Fm-3m,True,0.0,-2.27336953875,2.0,-4.413780577791392,-4.371970214763317,-4.329466615181848,-4.284364065268365,-4.235634854186034,-4.171778440330107,-4.052691559943903,-3.9301962099411423,-3.803783743456302,-3.671528386214811,-3.5324593884105377,-3.3871325063402713,-3.23860284283903,-3.086968582690766,-2.9323241781856932,-2.774764997755458,-2.614380886251701
mp-1232280,SmS2,Monoclinic,P2_1/c,False,0.0,-2.070424044999999,3.0,-6.079318776233324,-6.03138656963487,-5.982230541786674,-5.929540393772893,-5.872049213429582,-5.787193963651484,-5.595020816327024,-5.399324330800457,-5.1994405158894255,-4.993337060910164,-4.779969563182806,-4.5598423313505965,-4.335976377960099,-4.108446170942282,-3.8773319802233708,-3.6427203729867763,-3.4046971451672583
mp-1509,Sn2S3,Orthorhombic,Pnma,True,0.0,-0.47331488118749976,5.0,-2.2830059466212935,-2.241657215072867,-2.1736829218087794,-2.101617326197585,-2.0250230887540743,-1.9100294068474262,-1.6367035602733706,-1.360763675482147,-1.0816506813015474,-0.7990070524457318,-0.512621025556542,-0.22236491618291332,0.07182290191143714,0.36995840636864585,0.6720347767186503,0.9780151776210513,1.2878587042587704
mp-2231,SnS,Orthorhombic,Pnma,True,0.0,-0.4716001876562501,2.0,-0.8975102016669518,-0.8790459142988093,-0.8475341384210101,-0.8144442962864427,-0.7796773188160575,-0.7318290524446998,-0.6308584192476807,-0.5286382012348525,-0.42496653497852943,-0.3197179260403873,-0.21282331917821473,-0.10424459599325298,0.006032011488414035,0.11800263366135955,0.2316567691085636,0.3469715995357028,0.46392464807580147
mp-1170,SnS2,Trigonal,P-3m1,True,0.0,-0.4733284918749992,3.0,-1.381414763767138,-1.3583572130400534,-1.3217215891069651,-1.2825727290835371,-1.2405723625636111,-1.1732538404815196,-1.0007255205576833,-0.826832747232487,-0.6512183127614106,-0.47365018629693667,-0.2939856597231172,-0.1121351669876498,0.07194915017183412,0.25828713900289557,0.4468824804524987,0.6377211574745614,0.8307847421189818
mp-1087,SrS,Cubic,Fm-3m,True,0.0,-2.4245093739062504,2.0,-4.7905438915984115,-4.769205763483973,-4.748725935324406,-4.727240150562421,-4.703731062666515,-4.665942572173206,-4.574623361224139,-4.478065344336807,-4.375458273360513,-4.270323852903417,-4.1626645414300985,-4.052504406373794,-3.939885647009385,-3.81457530856545,-3.6136746319521955,-3.411550634044034,-3.208199880944611
mp-1950,SrS2,Tetragonal,I4/mcm,True,0.023715329062502732,-1.592624253541666,3.0,-4.711240217021679,-4.681489538254068,-4.652066574744981,-4.6207024847999065,-4.586140720560228,-4.525062687061956,-4.358366502091842,-4.186316642597913,-4.007947516112635,-3.826674290834977,-3.6424257723557822,-3.4551745804547416,-3.2649288241182868,-3.0614318317220066,-2.7817706618121214,-2.5003035300148087,-2.2170229535168318
mp-1175,SrS3,Orthorhombic,Aea2,True,0.032827906093750414,-1.1794267808593748,4.0,-4.673913108641169,-4.643498933269441,-4.6128818884598894,-4.579388547380778,-4.541523160846386,-4.4649046383922055,-4.230580533450096,-3.9907878853986265,-3.7444057574534186,-3.494742781404253,-3.241654109968236,-2.985060915271518,-2.7249372160120693,-2.4510026237124984,-2.1003300145550403,-1.7472688029176275,-1.3918074570701542
mp-555935,Ta2S,Orthorhombic,Pbcm,True,0.027611913499999474,-0.7660035759999965,3.0,-2.2205501852387126,-2.1955314868339677,-2.173757019208294,-2.1519463844667333,-2.128364203844314,-2.0911174925755196,-1.9998834532789402,-1.906358391684282,-1.810229666559953,-1.7113010039118333,-1.609454051741506,-1.504632927988999,-1.3968421141338734,-1.2860902647682313,-1.1723876907573079,-1.055745299855582,-0.9361768560757622
mp-1826,Ta3S2,Orthorhombic,Aem2,True,0.0,-0.952338587399997,5.0,-4.654752247228229,-4.6163501663107205,-4.5825491392136435,-4.54822627652595,-4.51065890943663,-4.44647631304715,-4.275269009107952,-4.100567737428859,-3.9218258640040693,-3.7386957096378026,-3.550962919895566,-3.3585179478606335,-3.161350470608113,-2.9594616115996724,-2.7528597459511666,-2.541556834670196,-2.325571499317382
mp-1218017,Ta5S8,Monoclinic,C2/m,False,0.0,-1.3539187474359005,13.0,-17.434063054916336,-17.34315677426043,-17.257442854722285,-17.16649508330978,-17.064659405811394,-16.86135963506051,-16.23661067365169,-15.60550237927716,-14.96639875511532,-14.318223165930334,-13.660274640920585,-12.99213051284168,-12.313614488806003,-11.624617762602401,-10.925088108392028,-10.215004388695768,-9.494378744502576
mp-27467,Ta6S,Monoclinic,C2/c,True,0.01147559564286027,-0.32864532842856825,7.0,-2.067386738564621,-2.0048896679242327,-1.953186459013753,-1.9032450884227545,-1.8503378225105416,-1.7809106979815885,-1.6536964514014496,-1.5198388750981726,-1.3787107340106566,-1.2299362789749253,-1.0733077597431988,-0.9087604254426509,-0.73637590108887,-0.5562275841641373,-0.3683747719921264,-0.1728677903327629,0.03024397094208986
mp-1218055,Ta7S12,Monoclinic,C2/m,False,0.0,-1.3794021127017537,19.0,-26.007915717737195,-25.883775547487836,-25.76648021504626,-25.641109354113723,-25.49955592773242,-25.206163277468654,-24.28107181547091,-23.346985392452734,-22.40148933741043,-21.442991131886423,-20.470450494459538,-19.48323453286472,-18.481069164828586,-17.46378308817311,-16.431291840832728,-15.383558789338089,-14.320597691940222
mp-10014,TaS2,Trigonal,R3m,True,0.0,-1.380432412444441,3.0,-4.1229250926316805,-4.1059455818902615,-4.0897923094938555,-4.07221819878915,-4.0519967584029954,-4.006587752701864,-3.8560539364627138,-3.704202306196199,-3.550643524811269,-3.395119650697077,-3.237461028543809,-3.0775625458411646,-2.915375307896241,-2.750868066725614,-2.5840247042159197,-2.414837472372035,-2.243307179825009
mp-30527,TaS3,Monoclinic,P2_1/m,True,0.0,-1.1729329341250008,4.0,-4.672080345570102,-4.648407894465752,-4.625031097010072,-4.599298291412517,-4.569743784972834,-4.502764846556983,-4.278573666587025,-4.052949804004158,-3.825348577400488,-3.595405508755975,-3.3628772898870736,-3.1276073606299377,-2.88951273600321,-2.648538451170481,-2.404654205654397,-2.1578434502116046,-1.908102944556268
mp-9323,Tb2S3,Orthorhombic,Pnma,True,0.0,-2.3901055276875014,5.0,-11.654902164508261,-11.560329820338858,-11.467011895798045,-11.370711649580695,-11.269034961354837,-11.127824973662472,-10.826935461609482,-10.521902139872257,-10.21198974408794,-9.896685284390703,-9.575615314259196,-9.248484247495972,-8.912612434337783,-8.55824352299106,-8.193727599718477,-7.823226493382743,-7.446895116159599
mp-1095641,Tb5S7,Monoclinic,C2/m,True,0.0,-2.3861027378906265,12.0,-27.929518719977168,-27.70511181148479,-27.484106244412054,-27.256112458064763,-27.015264752276543,-26.681702231152645,-25.97498461463524,-25.257964908200016,-24.528882623098248,-23.786508552869975,-23.02994590764869,-22.258481445767536,-21.46543308796261,-20.626421813176528,-19.76232992824792,-18.883566405957698,-17.990520551203645
mp-1610,TbS,Cubic,Fm-3m,True,0.0,-2.2709710889062507,2.0,-4.386857349742387,-4.340939719284246,-4.295914590988573,-4.249865886771417,-4.201716147130346,-4.139918191086619,-4.024324188370622,-3.9067157151052827,-3.7868028112675898,-3.6643822501292242,-3.539304134866383,-3.411446396207112,-3.2794862544140138,-3.1385573920168,-2.9928419433287963,-2.84442522340548,-2.693386712793158
mp-1103226,TbS2,Monoclinic,P2_1/c,True,0.0,-1.9962570510416668,3.0,-5.834696354502261,-5.7826581026001,-5.7309817681640585,-5.677346687972962,-5.620436201197272,-5.537640631357734,-5.34896158382984,-5.158153197167054,-4.964770167029529,-4.768502730279751,-4.569127337220184,-4.36647047092533,-4.159175261369335,-3.942351674228928,-3.7201676614534476,-3.49469973685013,-3.2660233320484044
mp-9481,TcS2,Triclinic,P-1,True,0.0,-0.7253695210416661,3.0,-2.164438370454171,-2.1494437222346297,-2.135368591108093,-2.1198798766869884,-2.101674391738708,-2.0581517876587956,-1.9093250705586118,-1.7589618525885515,-1.60664066731103,-1.4520786987824033,-1.2950855630821936,-1.1355364555199685,-0.9733493156257604,-0.808473203236014,-0.6408837087930976,-0.47056686571869655,-0.2975234826438484
mp-616559,Ti2S,Orthorhombic,Pnnm,True,0.0,-1.2541767972222209,3.0,-3.693640225414458,-3.67020444864903,-3.6493744614541948,-3.6279071774341918,-3.6041169664896446,-3.56610877099397,-3.4734602962345664,-3.377672999000892,-3.275695988592524,-3.165620807774424,-3.0524283427717336,-2.935988088526088,-2.8161988106026556,-2.6929738119844826,-2.5662384162330754,-2.4359226895213224,-2.2925570564827518
mp-1101099,Ti2S3,Monoclinic,C2/m,False,0.0,-1.7056780998333323,5.0,-8.45518184624363,-8.417920190198766,-8.382203154331803,-8.343978481972524,-8.301082140367347,-8.219494080888655,-7.979090880114064,-7.735319119694103,-7.4848172202946746,-7.225463651862361,-6.962091994874825,-6.694468848966618,-6.422424799126,-6.145825714630045,-5.864568554312289,-5.578565781849136,-5.278339724040368
mp-1208223,Ti5S8,Monoclinic,C2/m,False,0.0,-1.6954612920512828,13.0,-21.87947434922936,-21.788508440931835,-21.701138790730884,-21.607032464382364,-21.500659779338754,-21.291439366280763,-20.659137384474974,-20.018356569263,-19.360615300151157,-18.6805564838013,-17.99022724497075,-17.28901835891908,-16.576489242972734,-15.852292711897904,-15.116164071596401,-14.367880080635175,-13.583744531555197
mp-673657,Ti7S12,Triclinic,P-1,False,0.0,-1.67170390596491,19.0,-31.550542738633965,-31.421666951900967,-31.297401458746094,-31.162956483117775,-31.01039910838778,-30.70406542110869,-29.76374759276984,-28.811467502793864,-27.835226607036176,-26.82743974569601,-25.804913971134606,-24.766755210592567,-23.71231937609612,-22.64110143483554,-21.55271946918222,-20.446853900131252,-19.29032679810653
mp-680850,Ti8S3,Monoclinic,C2/m,True,0.0075968916666653286,-1.018547760606061,11.0,-10.98011032022854,-10.905651746615366,-10.842146915980912,-10.77702806787935,-10.703791883240296,-10.585920627057927,-10.301575684836726,-10.00479032130399,-9.683516317974867,-9.330226382318394,-8.964917712108875,-8.587119734766388,-8.19646160284007,-7.7926202451150886,-7.375311138201454,-6.944263348038961,-6.461602622078598
mp-673637,Ti9S10,Triclinic,P1,False,0.0395194741228071,-1.6758878432456137,19.0,-31.459664212647386,-31.301101243549624,-31.151346111689612,-30.9935797100317,-30.818901095829613,-30.51293878451088,-29.674614345916915,-28.821533428968184,-27.939112631770225,-27.018177946514797,-26.080738270409462,-25.125923368597128,-24.15309018953453,-23.16171815395395,-22.151393214880265,-21.12175226322613,-20.030159940799642
mp-1018028,TiS,Hexagonal,P-6m2,True,0.0,-1.718882037916666,2.0,-3.3914376900325576,-3.3735629115782437,-3.356725735561052,-3.3391023262144905,-3.3197302678253178,-3.287130783829985,-3.2011674446947445,-3.1135772600295946,-3.022757112325904,-2.9276995047615593,-2.830858054012261,-2.7321417837220574,-2.6314830315293025,-2.5288265904990297,-2.424128031229996,-2.31734798618453,-2.203749643220954
mp-2156,TiS2,Trigonal,P-3m1,True,0.0,-1.6068726761111105,3.0,-4.804573683682093,-4.787896286709301,-4.771725907477283,-4.753834125082321,-4.73301932248407,-4.686740227618466,-4.535009846596869,-4.381537751459814,-4.224565480381832,-4.062979000131618,-3.8991582745111346,-3.7329608795108875,-3.564285062480778,-3.3930518996328507,-3.2192027792018805,-3.042689532401952,-2.858771298174516
mp-9920,TiS3,Monoclinic,P2_1/m,True,0.0,-1.3410208639583328,4.0,-5.324621934452795,-5.295717114491811,-5.266788727575257,-5.235203767662188,-5.199521416385149,-5.126137906179565,-4.895215678801903,-4.662436868723234,-4.425887669801251,-4.1843475123954565,-3.9401227074340817,-3.693019383254083,-3.442901696916909,-3.1896670077816207,-2.933242521719004,-2.6735712686949054,-2.405908338733899
mp-667,Tl2S,Trigonal,R3,False,0.0010959529629630538,-0.5102223477083335,3.0,-1.3597314688073692,-1.310227776829233,-1.2575383006019245,-1.191931898591579,-1.123789064966841,-1.0413950810139125,-0.9045515210153713,-0.7650645523374497,-0.6227065210522795,-0.4773557761641369,-0.3289623700897969,-0.17751602371275035,-0.02303780140108892,0.134432549337083,0.39990207784796894,0.7570588969502283,1.1161903257010677
mp-30520,Tl2S5,Orthorhombic,P2_12_12_1,True,0.0,-0.4977981441666657,7.0,-3.387070733069064,-3.3304293504224827,-3.2684798447413366,-3.189872733942867,-3.104031706887288,-2.9549920628587465,-2.5431531187202543,-2.1282112915601825,-1.709317550183318,-1.2859240979571656,-0.8576863758035582,-0.42438831399181254,0.014085384263795573,0.4577898388671038,1.0117888286202685,1.6598056713349028,2.312143881735711
mp-2753,Tl4S3,Monoclinic,P2_1/c,True,0.009123074126986985,-0.4939232772619044,7.0,-3.123798021889351,-3.0204690665500347,-2.910237958016028,-2.773237828082375,-2.629990463759256,-2.446003932118564,-2.101030817370564,-1.750656016678251,-1.394268877869056,-1.0315195625423357,-0.6622345226579078,-0.2863417523292071,0.09615070999603326,0.4851870861545926,1.090795657202868,1.8803614500264094,2.6744631516565125
mp-755169,Tl6S,Trigonal,P31m,False,0.09380551698412232,-0.1225355203571493,7.0,-0.3055642903278535,-0.15995506470034737,-0.005849655718021651,0.18513619094627343,0.3813825901323864,0.5959087069806861,0.8696086899336519,1.1510091617536622,1.440482395590645,1.7381802716133903,2.0441053268240967,2.358185503265208,2.6802894272555378,3.0102504225648072,3.6630612725036418,4.589768713031553,5.521226603486404
mp-561066,TlS,Tetragonal,P4_12_12,True,0.028092917447914534,-0.47364138213541995,2.0,-0.8760950798317511,-0.8517266951196826,-0.8255001259348544,-0.7923475089417216,-0.7573394905610529,-0.7090874636856925,-0.6075669332794835,-0.5046672642408099,-0.40019695744731854,-0.2940419191965513,-0.18614034926002887,-0.07646138425272397,0.035001488785544765,0.14824025452721745,0.31576552882738973,0.529425768719511,0.7443666581906214
mp-18529,Tm2S3,Cubic,Ia-3,True,0.0,-2.3804794014375004,5.0,-11.63591032523492,-11.549774671597383,-11.465459328659588,-11.378963861277986,-11.287989500729665,-11.158331713752098,-10.869852566895432,-10.578135450640582,-10.282528015067358,-9.982598111891516,-9.678071791922907,-9.368775767767001,-9.054611101688327,-8.73552243168448,-8.411493776753787,-8.06664654496816,-7.713079473968438
mp-1102847,Tm5S7,Monoclinic,C2/m,True,0.0,-2.355263845390624,12.0,-27.5102915659676,-27.276474527817086,-27.0474735587641,-26.813489863518377,-26.568896120936195,-26.233712245611493,-25.52751868609709,-24.813287637380014,-24.089465896818176,-23.355026361905594,-22.609320986103747,-21.851942274753092,-21.08265992865916,-20.301347401242452,-19.50797183118077,-18.662841139278022,-17.79620419409474
mp-18680,Tm8S11,Orthorhombic,Cmcm,True,0.0002181284210500678,-2.3457405984703965,19.0,-43.361874389228205,-42.9883923400092,-42.62272211828547,-42.2492665686201,-41.85906981744853,-41.32637622722116,-40.21048462849349,-39.08175602075864,-37.93773634865266,-36.776803555447806,-35.59793549725719,-34.40049047215625,-33.18410681949154,-31.94858680810644,-30.693880696358235,-29.356482917782827,-27.984792471860445
mp-1766,TmS,Cubic,Fm-3m,True,0.0,-2.1784665939062506,2.0,-4.192635445220376,-4.144990582400582,-4.0985211672788315,-4.051429274851964,-4.002685121422076,-3.940717688108162,-3.8253832903627396,-3.708487342211002,-3.589781340851269,-3.4691024803460175,-3.3463506125370386,-3.221464817553842,-3.094412671672915,-2.965178352319551,-2.8337609601749074,-2.692225599899059,-2.5466236647708627
mp-555283,V3S,Tetragonal,P4_2/nbc,True,0.0,-0.6711637490625,4.0,-2.592123490352428,-2.56346363733935,-2.5395996193502794,-2.5157882577785964,-2.4895025550580003,-2.4483627680836797,-2.3517291413793715,-2.251069682867976,-2.1458998241125316,-2.035894471453262,-1.9208227538730176,-1.8005208561942219,-1.6748788462416515,-1.5438251762903663,-1.4073077808218137,-1.265285236259845,-1.117714917958355
mp-1081,V3S4,Monoclinic,C2/m,True,0.0,-1.3565179571428498,7.0,-9.379886052039268,-9.32630477709282,-9.27592758308134,-9.22279753598653,-9.163670034260768,-9.052977848297704,-8.730529529556396,-8.403710773251355,-8.071570977995105,-7.733465440900295,-7.388942332328568,-7.037683494141714,-6.67947672329915,-6.314179321516976,-5.94169667618468,-5.561960959981393,-5.174917401510394
mp-1216498,V3S5,Triclinic,P-1,False,0.051154036874996756,-1.2175166328124991,8.0,-9.648237710231086,-9.594244380401717,-9.542924546810967,-9.487916690303317,-9.425737008004038,-9.299755774806261,-8.909930977814156,-8.51562087467277,-8.115719519677786,-7.7094756735326655,-7.296363853725312,-6.876014454463975,-6.448181182419612,-6.012697622455345,-5.569454979596671,-5.118376625274486,-4.659403739175183
mp-1133,V5S4,Tetragonal,I4/m,True,0.0,-1.1365119366666663,9.0,-10.04651618377114,-9.976911110769102,-9.914061065182267,-9.849116717346075,-9.77730826822011,-9.652190323128487,-9.313045306116019,-8.96692254272546,-8.612651948822581,-8.249443116686315,-7.876739404582686,-7.494147742690805,-7.101405366712237,-6.698337691115118,-6.284824847852551,-5.860777261385067,-5.426114443163124
mp-690772,V5S8,Monoclinic,C2/m,True,0.037621081538457446,-1.2468170499999998,13.0,-16.04098148203709,-15.949496663378081,-15.862644533348886,-15.769957421736049,-15.665708724190718,-15.459203064034963,-14.830320607894024,-14.194000931032788,-13.548452572049696,-12.892458977586896,-12.225168894415484,-11.54598346210038,-10.85450355518934,-10.15045972073856,-9.433675361245193,-8.70402569617682,-7.961414041316381
mp-1868,VS,Orthorhombic,Pnma,True,0.08773910062499723,-1.1450254699999993,2.0,-2.244679001768963,-2.227244939161066,-2.2110557650969405,-2.1942606966162295,-2.175857933645428,-2.144345898149256,-2.0596109620656984,-1.9734575029894121,-1.885620435230186,-1.7959203699619655,-1.70423124826321,-1.6104641666390314,-1.5145597541720544,-1.4164783503853067,-1.3161931451966136,-1.2136844632484323,-1.1089353970474773
mp-1013525,VS2,Hexagonal,P6_3/mmc,False,0.0,-1.2003450016666666,3.0,-3.577066899329266,-3.558610666055581,-3.54086873662932,-3.5215857429529,-3.499520683625712,-3.4521094851119605,-3.299387954994737,-3.1451330332992384,-2.98892429001841,-2.8304757999170107,-2.669587851199763,-2.506120092718234,-2.3399790632665916,-2.1711013855148833,-1.9994460670169438,-1.8249846311669904,-1.647696121554869
mp-541155,VS4,Monoclinic,C2/c,True,0.0,-0.950293173499999,5.0,-4.762430196123234,-4.739960813811315,-4.717144565954123,-4.690916914179631,-4.659558454433011,-4.578380122177442,-4.2877165962862325,-3.9952899416456464,-3.7003690396149596,-3.402454892140544,-3.1012004816796512,-2.796362561776763,-2.4877794906491344,-2.1753404572608463,-1.8589761044377564,-1.5386403530776054,-1.2143041489364848
mp-224,WS2,Hexagonal,P6_3/mmc,True,0.0,-0.8829387718749994,3.0,-2.6572094432391298,-2.64728011464879,-2.63838638337118,-2.6282459341148527,-2.615593927576932,-2.577856962346826,-2.4350667002854935,-2.2910052635707947,-2.145265695792611,-1.997571399590497,-1.8477433917798418,-1.6956589405312763,-1.5412442768191017,-1.3844526062018971,-1.2252605555525609,-1.063660376875979,-0.8996539152337206
mp-541289,Y2S3,Monoclinic,P2_1/m,True,0.0,-2.382070257687502,5.0,-11.85886181533492,-11.826584289115875,-11.795894913157124,-11.762708265011392,-11.724764960316028,-11.648013857527431,-11.41239164619414,-11.173512809713069,-10.93073121674722,-10.683623010456628,-10.431912168790063,-10.175421258630873,-9.914047196521441,-9.64772840187618,-9.373511649562193,-9.078250378537026,-8.777888483719849
mp-15670,Y5S7,Monoclinic,C2/m,True,0.0,-2.3780081287239576,12.0,-28.36925382733402,-28.282216567540083,-28.19941497574505,-28.110837788399365,-28.01095614525994,-27.820173440218035,-27.25825667932242,-26.688255789850146,-26.10863311561711,-25.518382282728002,-24.916850062491626,-24.303618595943114,-23.678447219582658,-23.04119384037277,-22.38448248666321,-21.675451156471965,-20.953961611555403
mp-1534,YS,Cubic,Fm-3m,True,0.0,-2.2419810039062504,2.0,-4.4376283685322955,-4.419528944143476,-4.402488887232978,-4.384667779145775,-4.365055528364098,-4.3321578118663995,-4.245868256604396,-4.158007823061279,-4.068331117726965,-3.976679480386066,-3.8829517264498414,-3.787084863186732,-3.6890443940121598,-3.588811387059818,-3.4849163209452576,-3.3707903157713694,-3.254407343456177
mp-554820,ZnS,Trigonal,P3m1,True,0.0,-0.9622174221205354,2.0,-1.8732957375609414,-1.854343964304211,-1.8365365458295269,-1.81713344177901,-1.785602873325981,-1.740609609535746,-1.642156102566012,-1.5421493366342283,-1.42169127792353,-1.2176010347835917,-1.0124762877342353,-0.8062353882943069,-0.5988272569906944,-0.3902205247906941,-0.18039978234799442,0.03064220852854557,0.2429026631520809
mp-1197374,Zr2S,Orthorhombic,Pnnm,True,0.0,-1.26396319083333,3.0,-3.72378610663902,-3.7010709206059547,-3.681517050909301,-3.661763258072509,-3.639956010249815,-3.6040862424559803,-3.513710931367739,-3.420406156772941,-3.3191476642358704,-3.2124898663976325,-3.102919997620389,-2.990355228650298,-2.874727490829597,-2.7559894715015942,-2.6340996600048587,-2.509019215428278,-2.3807204445632273
mp-684749,Zr3S4,Triclinic,P-1,False,0.0,-1.860230954821429,7.0,-12.931604767614756,-12.884634987214552,-12.841080719578096,-12.794888642647502,-12.742680455336355,-12.638786321415518,-12.322915295012855,-12.00236290188649,-11.669204399590742,-11.3270050660643,-10.979311620666067,-10.625871200381416,-10.26649647650257,-9.901057187912022,-9.52945561270767,-9.151611486402235,-8.7674731468906
mp-1215375,Zr5S8,Cubic,F-43m,False,0.09271110413461514,-1.7617213092307684,13.0,-22.861004343242588,-22.80138566670143,-22.746752065171393,-22.686475221706353,-22.614605699392833,-22.440277110514895,-21.843203792812474,-21.23817503912315,-20.611775819615005,-19.96980621564027,-19.318079222298785,-18.65610480436147,-17.983525293597403,-17.300091965673452,-16.60562304093409,-15.899973010236254,-15.183050371515527
mp-27191,Zr9S2,Tetragonal,I4_1/amd,True,0.0,-0.7007534965909098,11.0,-7.489111233907501,-7.424647810718834,-7.37573677278489,-7.328264005304243,-7.274486618288746,-7.188020058056097,-6.986497130538826,-6.772078788705926,-6.52254424838876,-6.249654707495294,-5.96478685283958,-5.667696571913208,-5.358162781477365,-5.036031866709408,-4.701152485542874,-4.3533718569983435,-3.992575483929187
mp-7859,ZrS,Tetragonal,P4/nmm,True,0.0,-1.6840794912499994,2.0,-3.3281755786587404,-3.3121485035115823,-3.2974367941844562,-3.2821575383704746,-3.2652643694832038,-3.235221507279765,-3.1518821579210803,-3.0670206425163435,-2.9780471616892767,-2.8861856535558377,-2.792642908860237,-2.6973517891487857,-2.6002612149483717,-2.501335671504158,-2.400547312303436,-2.29787231626653,-2.193294812330688
mp-1186,ZrS2,Trigonal,P-3m1,True,0.0,-1.8476674483333326,3.0,-5.545073718307011,-5.533187208641056,-5.522085480098787,-5.509481035236091,-5.494088306139424,-5.453309017065399,-5.3071458098200415,-5.159345567943083,-5.007163147741407,-4.851715950921783,-4.694137115354681,-4.53430805493287,-4.372143599894784,-4.207584518632602,-4.0405887822696265,-3.8711237684779425,-3.6991695572779246
mp-9921,ZrS3,Monoclinic,P2_1/m,True,0.0,-1.574012124374999,4.0,-6.284010588143063,-6.262223629005259,-6.240690866294792,-6.216720217430327,-6.188786913171211,-6.123230182273543,-5.9002021021884605,-5.675422118886225,-5.445989744356888,-5.212915843898022,-4.977259902506367,-4.738851886421142,-4.497572535592332,-4.253338901559125,-4.00609477308084,-3.7557987265813253,-3.5024267931640747
