,MP_id,composition,composition_reduced,"formation_energy_per_atom, MP","Ef(MEGNET), eV/atom",error,Ef_megnet_corrected,Absolute_error,Hd_MP,Hd_MEGNET
0,mp-10167,Na3 Sb1 S4,Na3 Sb1 S4,-0.922581069,-1.1031018,0.180520731,-0.9831018,0.060520731,0.006705474,0.031746081
1,mp-18309,Ba8 Cd4 S12,Ba2 Cd1 S3,-1.849119346,-1.9380214,0.088902054,-1.8180214,0.031097946,-0.008288219,0.029951316
2,mp-1218062,Ta3 W1 S8,Ta3 W1 S8,-1.305321244,-1.4244161,0.119094856,-1.3044161,0.000905144,0.017457645,0.021923401
3,mp-1226019,Co5 Ni1 S8,Co5 Ni1 S8,-0.729589524,-0.801447,0.071857476,-0.681447,0.048142524,-0.000159502,0.058038181
4,mp-1103098,Bi4 Rh4 S4,Bi1 Rh1 S1,-0.577471907,-0.6662292,0.088757293,-0.5462292,0.031242707,-0.036349674,-0.020985459
5,mp-5546,Cu16 Ge2 S12,Cu8 Ge1 S6,-0.366766826,-0.46274698,0.095980154,-0.34274698,0.024019846,0.044197865,0.068981591
6,mp-16684,Pr4 Cu4 S8,Pr1 Cu1 S2,-1.592968757,-1.7434281,0.150459343,-1.6234281,0.030459343,-0.037567323,-0.036653099
7,mp-18101,K8 Cd12 S16,K2 Cd3 S4,-1.008943851,-1.1425558,0.133611949,-1.0225558,0.013611949,-0.064126534,-0.025766554
8,mp-1446023,Zn1 Fe4 S8,Zn1 Fe4 S8,-0.634408972,-0.74687755,0.112468578,-0.62687755,0.007531422,0.2317291,0.240435722
9,mp-1228522,Al4 Zn4 S10,Al2 Zn2 S5,-1.126659506,-1.338595,0.211935494,-1.218595,0.091935494,0.013899447,0.029664746
10,mp-1410970,Ti4 Zn2 S8,Ti2 Zn1 S4,-1.47338023,-1.6108528,0.13747257,-1.4908528,0.01747257,0.048440289,0.032058976
11,mp-5942,Na4 As4 S8,Na1 As1 S2,-0.707075465,-0.96336985,0.256294385,-0.84336985,0.136294385,-0.048928669,-0.043127098
12,mp-28856,Na28 Au20 S24,Na7 Au5 S6,-0.905676583,-0.9808456,0.075169017,-0.8608456,0.044830983,0.002691108,0.055623569
13,mp-1221529,Mn2 Zn2 S8,Mn1 Zn1 S4,-0.649687342,-0.8806498,0.230962458,-0.7606498,0.110962458,0.070483134,0.038487597
14,mp-675590,Cu6 Bi1 S6,Cu6 Bi1 S6,-0.397421729,-0.49848145,0.101059721,-0.37848145,0.018940279,0.044254954,0.060265466
15,mp-1209063,Re4 As5 S4,Re4 As5 S4,-0.483128132,-0.5680287,0.084900568,-0.4480287,0.035099432,0.000743307,0.041766395
16,mp-608653,As16 Pb16 S40,As2 Pb2 S5,-0.579079361,-0.6646265,0.085547139,-0.5446265,0.034452861,0.004650334,0.042609501
17,mp-985304,Cr1 Ga2 S4,Cr1 Ga2 S4,-0.890696919,-1.0482866,0.157589681,-0.9282866,0.037589681,0.070409605,0.033911182
18,mp-769032,Li12 Nb4 S16,Li3 Nb1 S4,-1.395939861,-1.5027546,0.106814739,-1.3827546,0.013185261,0.001549166,0.015689276
19,mp-30958,Ca12 B24 S48,Ca1 B2 S4,-1.167237051,-1.2656868,0.098449749,-1.1456868,0.021550251,0.042626995,0.065268503
20,mp-1225724,Dy2 Cu6 S6,Dy1 Cu3 S3,-1.007664625,-1.1440525,0.136387875,-1.0240525,0.016387875,-0.009416513,0.034567042
21,mp-7936,Li2 Nb2 S4,Li1 Nb1 S2,-1.553966813,-1.6183765,0.064409687,-1.4983765,0.055590313,-0.052405773,0.00413939
22,mp-1104381,Ni2 Rh4 S8,Ni1 Rh2 S4,-0.73733214,-0.838615,0.10128286,-0.718615,0.01871714,-0.007820393,0.011988005
23,mp-561122,Gd4 Sn2 S10,Gd2 Sn1 S5,-1.636775684,-1.8502471,0.213471416,-1.7302471,0.093471416,0.013339827,0.02445105
24,mp-1193022,Nb8 Co4 S16,Nb2 Co1 S4,-0.956008752,-1.0957526,0.139743848,-0.9757526,0.019743848,0.270612143,0.255545114
25,mp-676156,Gd5 Ag1 S8,Gd5 Ag1 S8,-2.06796538,-2.224508,0.15654262,-2.104508,0.03654262,0.031075158,0.048406794
26,mp-675779,Li4 Mo6 S8,Li2 Mo3 S4,-1.072307763,-1.2087905,0.136482737,-1.0887905,0.016482737,-0.010682515,0.045467795
27,mp-1192540,Nb8 Ni2 S16,Nb4 Ni1 S8,-1.30577194,-1.3798877,0.07411576,-1.2598877,0.04588424,-0.009570702,0.037488738
28,mp-7355,Sm4 Sn2 S10,Sm2 Sn1 S5,-1.741123372,-1.8742,0.133076628,-1.7542,0.013076628,0.003524815,-0.008358251
29,mp-540773,Ca8 Ge4 S16,Ca2 Ge1 S4,-1.681674162,-1.7785248,0.096850638,-1.6585248,0.023149362,-0.026806387,-0.002565767
30,mp-1120718,Mg1 Zn3 S4,Mg1 Zn3 S4,-1.199073152,-1.2930819,0.094008748,-1.1730819,0.025991252,0.012935133,0.043654981
31,mp-1227503,Ca2 In4 S8,Ca1 In2 S4,-1.189811307,-1.3712946,0.181483293,-1.2512946,0.061483293,0.036773008,0.030694056
32,mp-1216547,Tm4 Mg1 S7,Tm4 Mg1 S7,-2.223401154,-2.3324926,0.109091446,-2.2124926,0.010908554,0.034673707,0.051434102
33,mp-1217360,Ti1 Cr2 S4,Ti1 Cr2 S4,-1.206466263,-1.3075341,0.101067837,-1.1875341,0.018932163,-0.006213968,0.013809453
34,mp-29829,Li4 Au4 S4,Li1 Au1 S1,-0.838343984,-0.94919956,0.110855576,-0.82919956,0.009144424,-0.005462406,0.055249025
35,mp-1104219,Sm2 Ga4 S8,Sm1 Ga2 S4,-1.296048595,-1.5130597,0.217011105,-1.3930597,0.097011105,0.150778924,0.054859076
36,mp-1395289,Zn2 Fe4 S8,Zn1 Fe2 S4,-0.731873702,-0.825808,0.093934298,-0.705808,0.026065702,0.150809232,0.177966191
37,mp-15790,Li1 Ho1 S2,Li1 Ho1 S2,-2.120153312,-2.2077525,0.087599188,-2.0877525,0.032400812,-0.057113064,-0.042372024
38,mp-541879,Rb8 Ge8 S20,Rb2 Ge2 S5,-1.054428829,-1.146359,0.091930171,-1.026359,0.028069829,-0.036128279,-0.006997506
39,mp-1104347,Lu1 Mo6 S8,Lu1 Mo6 S8,-0.989886605,-1.2248762,0.234989595,-1.1048762,0.114989595,0.0299336,0.06763981
40,mp-977592,Bi4 Rh6 S4,Bi2 Rh3 S2,-0.532897817,-0.6144189,0.081521083,-0.4944189,0.038478917,-0.032464677,-0.007595897
41,mp-1068941,K2 Pd1 S2,K2 Pd1 S2,-1.068325833,-1.2252151,0.156889267,-1.1052151,0.036889267,-0.050355869,-0.053000846
42,mp-1102284,Sb4 Pd4 S4,Sb1 Pd1 S1,-0.620789495,-0.84259653,0.221807035,-0.72259653,0.101807035,-0.061280116,-0.162450584
43,mp-1189323,Zr10 Sb6 S2,Zr5 Sb3 S1,-1.057587133,-1.0134298,-0.044157333,-0.8934298,0.164157333,-0.078529256,0.085840266
44,mp-867739,Nb6 Ge2 S12,Nb3 Ge1 S6,-1.282566916,-1.3051312,0.022564284,-1.1851312,0.097435716,-0.046820299,0.051761238
45,mp-1040470,Li2 Fe4 S8,Li1 Fe2 S4,-0.804695609,-0.9041168,0.099421191,-0.7841168,0.020578809,0.169935806,0.191605873
46,mp-760375,Li3 V1 S4,Li3 V1 S4,-1.359742846,-1.4411778,0.081434954,-1.3211778,0.038565046,-0.028150379,0.011369517
47,mp-1199965,Ge12 Rh8 S12,Ge3 Rh2 S3,-0.726597739,-0.838903,0.112305261,-0.718903,0.007694739,-0.10543851,-0.097027633
48,mp-1066131,Y1 Tl1 S2,Y1 Tl1 S2,-1.726999907,-1.9067869,0.179786993,-1.7867869,0.059786993,-0.064047544,-0.110017348
49,mp-22303,Rb6 In2 S6,Rb3 In1 S3,-1.256511265,-1.3120224,0.055511135,-1.1920224,0.064488865,-0.041965726,0.024411583
50,mp-3647,Li4 Ga4 S8,Li1 Ga1 S2,-1.187989849,-1.3631912,0.175201351,-1.2431912,0.055201351,-0.110761629,-0.076603474
51,mp-1226713,Ce1 Dy4 S7,Ce1 Dy4 S7,-2.34928957,-2.4335585,0.08426893,-2.3135585,0.03573107,0.030274012,0.044423505
52,mp-1211293,La2 Y6 S12,La1 Y3 S6,-2.438558226,-2.538033,0.099474774,-2.418033,0.020525226,-0.008315458,-0.002615616
53,mp-1045465,Y2 Ti4 S8,Y1 Ti2 S4,-1.854004145,-1.9602704,0.106266255,-1.8402704,0.013733745,0.088363734,0.109277362
54,mp-541447,K12 Fe8 S16,K3 Fe2 S4,-0.904181758,-1.1655923,0.261410542,-1.0455923,0.141410542,0.142223413,0.008651886
55,mp-1196123,Nd8 Hf4 S20,Nd2 Hf1 S5,-2.186686634,-2.3293717,0.142685066,-2.2093717,0.022685066,-0.016173002,-0.016535068
56,mp-1103410,Bi6 Te4 S2,Bi3 Te2 S1,-0.436967077,-0.4576754,0.020708323,-0.3376754,0.099291677,0.050318499,0.125155869
57,mp-1238827,Cr4 Ag2 S8,Cr2 Ag1 S4,-0.83287382,-0.9822997,0.14942588,-0.8622997,0.02942588,-0.045198125,-0.072049651
58,mp-28134,Ba16 As16 S40,Ba2 As2 S5,-1.368440025,-1.4410787,0.072638675,-1.3210787,0.047361325,-0.09781481,-0.046947179
59,mp-13993,Ti3 Ni1 S6,Ti3 Ni1 S6,-1.493373888,-1.6217333,0.128359412,-1.5017333,0.008359412,-0.004038196,-0.011251787
60,mp-685513,Pr24 Mn4 S40,Pr6 Mn1 S10,-2.1721191,-2.2301295,0.0580104,-2.1101295,0.0619896,0.048541625,0.062832783
61,mp-1101049,Ti5 Tl1 S8,Ti5 Tl1 S8,-1.598436031,-1.6978139,0.099377869,-1.5778139,0.020622131,-0.015277682,0.007066347
62,mp-1224757,In16 Bi12 S40,In4 Bi3 S10,-0.741475463,-0.8437144,0.102238937,-0.7237144,0.017761063,0.008638588,0.020542094
63,mp-1926096,Al2 Fe4 S8,Al1 Fe2 S4,-0.847645239,-0.9542277,0.106582461,-0.8342277,0.013417539,0.142944743,0.157453539
64,mp-756187,Li4 Fe2 S4,Li2 Fe1 S2,-1.088722242,-1.1900434,0.101321158,-1.0700434,0.018678842,0.115941401,0.135384124
65,mp-755664,Li4 Ta6 S12,Li2 Ta3 S6,-1.523826133,-1.6223253,0.098499167,-1.5023253,0.021500833,-0.033418727,-0.008380808
66,mp-1224971,Fe1 Co1 S2,Fe1 Co1 S2,-0.507244291,-0.6040985,0.096854209,-0.4840985,0.023145791,0.231316172,0.261691545
67,mp-767409,Li5 Sb1 S1,Li5 Sb1 S1,-0.983972498,-1.0218076,0.037835102,-0.9018076,0.082164898,0.048728231,0.131165944
68,mp-5481,Na12 Co2 S8,Na6 Co1 S4,-1.073648743,-1.1459111,0.072262357,-1.0259111,0.047737643,0.04818875,0.112338392
69,mp-1220141,Ni16 Bi16 S2,Ni8 Bi8 S1,-0.15711847,-0.17312106,0.01600259,-0.05312106,0.10399741,-0.027281756,0.05351261
70,mp-15782,K1 Pr1 S2,K1 Pr1 S2,-2.111293943,-2.178193,0.066899057,-2.058193,0.053100943,-0.154211627,-0.127361796
71,mp-2210635,Mg1 Mn1 S2,Mg1 Mn1 S2,-1.086558794,-1.2021002,0.115541406,-1.0821002,0.004458594,0.144866051,0.157826987
72,mp-8630,Sb4 Ir4 S4,Sb1 Ir1 S1,-0.593002124,-0.6922434,0.099241276,-0.5722434,0.020758724,-0.092459346,0.050189876
73,mp-20767,Fe4 Sb8 S16,Fe1 Sb2 S4,-0.494868819,-0.61985135,0.124982531,-0.49985135,0.004982531,0.13879752,0.134906247
74,mp-1227486,Bi4 Sb4 S12,Bi1 Sb1 S3,-0.603994315,-0.7069636,0.102969285,-0.5869636,0.017030715,0.002304087,0.010571586
75,mp-20775,Ce4 Dy4 S12,Ce1 Dy1 S3,-2.4036576,-2.4667244,0.0630668,-2.3467244,0.0569332,-0.004787251,0.002569851
76,mp-542596,Hg4 Sb16 S32,Hg1 Sb4 S8,-0.520913272,-0.59478027,0.073866998,-0.47478027,0.046133002,-0.035706188,0.012062912
77,mp-642190,Ni6 Bi4 S4,Ni3 Bi2 S2,-0.457811594,-0.54026264,0.082451046,-0.42026264,0.037548954,-0.035751463,-0.011812646
78,mp-1188689,Nd2 Y6 S12,Nd1 Y3 S6,-2.399530016,-2.5046716,0.105141584,-2.3846716,0.014858416,-0.012423908,-0.012360086
79,mp-1193767,Hf18 W8 S2,Hf9 W4 S1,-0.313783708,-0.3414295,0.027645792,-0.2214295,0.092354208,0.00949708,0.108916206
80,mp-1024069,Na4 Zn6 S8,Na2 Zn3 S4,-1.00556495,-1.1408819,0.13531695,-1.0208819,0.01531695,0.075433263,0.111735585
81,mp-5694,Na1 Ho1 S2,Na1 Ho1 S2,-2.134603063,-2.196968,0.062364937,-2.076968,0.057635063,-0.154321394,-0.133725743
82,mp-1101752,Pr4 As4 S4,Pr1 As1 S1,-1.717031261,-1.7888124,0.071781139,-1.6688124,0.048218861,-0.086092867,-0.028714163
83,mp-558967,K12 Ta8 S44,K3 Ta2 S11,-1.190958906,-1.3330183,0.142059394,-1.2130183,0.022059394,-0.001221606,-0.016892321
84,mp-1223529,K1 Cu7 S4,K1 Cu7 S4,-0.452629962,-0.51780766,0.065177698,-0.39780766,0.054822302,0.016819276,0.07402571
85,mp-1220620,Nb3 W1 S8,Nb3 W1 S8,-1.281164308,-1.3527944,0.071630092,-1.2327944,0.048369908,0.017934495,0.067577538
86,mp-1219601,Sb1 Pb3 S4,Sb1 Pb3 S4,-0.598754217,-0.77559423,0.176840013,-0.65559423,0.056840013,0.104905882,0.04902072
87,mp-504951,In6 Ga6 S18,In1 Ga1 S3,-0.779560963,-1.047574,0.268013037,-0.927574,0.148013037,-0.022903946,-0.028029043
88,mp-1078726,Cs2 Ho2 S4,Cs1 Ho1 S2,-2.119185275,-2.187675,0.068489725,-2.067675,0.051510275,-0.165333651,-0.163693938
89,mp-1193583,Ba4 Ho8 S16,Ba1 Ho2 S4,-2.419589662,-2.5296772,0.110087538,-2.4096772,0.009912462,-0.066213319,-0.050846573
90,mp-12455,Tm4 Cu4 S8,Tm1 Cu1 S2,-1.590929365,-1.7142859,0.123356535,-1.5942859,0.003356535,-0.01322685,0.015426852
91,mp-1179796,Rb4 Co6 S8,Rb2 Co3 S4,-0.851017321,-0.987857,0.136839679,-0.867857,0.016839679,0.020642865,0.01301825
92,mp-12843,S8 Cu4 Y4,S2 Cu1 Y1,-1.590693927,-1.7302217,0.139527773,-1.6102217,0.019527773,-0.012157252,0.001163018
93,mp-23012,Bi4 Pd6 S4,Bi2 Pd3 S2,-0.521839821,-0.596619,0.074779179,-0.476619,0.045220821,-0.02780104,0.003809644
94,mp-756173,Li10 Fe2 S8,Li5 Fe1 S4,-1.266473599,-1.3417475,0.075273901,-1.2217475,0.044726099,0.063597274,0.109087253
95,mp-542627,Fe8 Ag4 S12,Fe2 Ag1 S3,-0.505214399,-0.62941813,0.124203731,-0.50941813,0.004203731,0.168793223,0.167274622
96,mp-1191757,La8 Co2 S14,La4 Co1 S7,-1.985576255,-2.145708,0.160131745,-2.025708,0.040131745,0.180855547,0.172774294
97,mp-1218053,Ta6 Cu4 S12,Ta3 Cu2 S6,-1.170482334,-1.261113,0.090630666,-1.141113,0.029369334,-0.024946236,0.007960183
98,mp-1232223,Ce8 Mg4 S16,Ce2 Mg1 S4,-2.067469661,-2.1013367,0.033867039,-1.9813367,0.086132961,0.068513407,0.161153539
99,mp-541378,Cs4 Bi4 S8,Cs1 Bi1 S2,-0.994317065,-1.1117939,0.117476835,-0.9917939,0.002523165,-0.065577577,-0.07365417
100,mp-3930,Sc4 Mn2 S8,Sc2 Mn1 S4,-1.90104308,-1.9524004,0.05135732,-1.8324004,0.06864268,-0.021980138,-0.021285408
101,mp-1212338,Ho12 Cr4 S24,Ho3 Cr1 S6,-2.019785834,-2.1317701,0.111984266,-2.0117701,0.008015734,0.000734136,0.014476869
102,mp-3787,Rb2 Fe4 S6,Rb1 Fe2 S3,-0.935672357,-0.98450303,0.048830673,-0.86450303,0.071169327,-0.011433489,0.060690689
103,mp-1219680,Rb1 Nb6 S8,Rb1 Nb6 S8,-1.396766277,-1.4818816,0.085115323,-1.3618816,0.034884677,-0.052865352,-0.016962169
104,mp-27255,Ga4 Te2 S4,Ga2 Te1 S2,-0.686105887,-0.8467712,0.160665313,-0.7267712,0.040665313,-0.018933741,0.107817449
105,mp-1196179,Tm16 Cr8 S32,Tm2 Cr1 S4,-1.871840243,-1.9696345,0.097794257,-1.8496345,0.022205743,0.06040752,0.085609109
106,mp-1195809,Gd8 Hf4 S20,Gd2 Hf1 S5,-2.146883804,-2.3154492,0.168565396,-2.1954492,0.048565396,-0.001684759,0.010102037
107,mp-9361,Rb1 La1 S2,Rb1 La1 S2,-2.140519784,-2.2833986,0.142878816,-2.1633986,0.022878816,-0.147096556,-0.169020522
108,mp-27124,Cu4 Bi5 S10,Cu4 Bi5 S10,-0.552466881,-0.64693373,0.094466849,-0.52693373,0.025533151,0.008786195,0.022286246
109,mp-2492941,Li4 Nb2 S6,Li2 Nb1 S3,-1.399196627,-1.4904149,0.091218273,-1.3704149,0.028781727,0.058483603,0.08822018
110,mp-629690,Bi4 Pb6 S12,Bi2 Pb3 S6,-0.729781429,-0.80164057,0.071859141,-0.68164057,0.048140859,-0.000733393,0.039440906
111,mp-753974,Li16 Cr2 S12,Li8 Cr1 S6,-1.351963786,-1.4557973,0.103833514,-1.3357973,0.016166486,0.041790718,0.058721085
112,mp-1172905,Ag3 Bi3 S6,Ag1 Bi1 S2,-0.486879749,-0.55601263,0.069132881,-0.43601263,0.050867119,0.01682917,0.058860264
113,mp-561902,Cs2 Ag6 S4,Cs1 Ag3 S2,-0.498488322,-0.61858267,0.120094348,-0.49858267,9.43E-05,-0.024468684,0.026541576
114,mp-863748,Tb4 B4 S12,Tb1 B1 S3,-1.516608375,-1.6539946,0.137386225,-1.5339946,0.017386225,0.037185812,0.021644912
115,mp-29705,Rb24 Sn8 S28,Rb6 Sn2 S7,-1.228317907,-1.2820644,0.053746493,-1.1620644,0.066253507,-0.021539724,0.045604976
116,mp-29410,Li4 B4 S10,Li2 B2 S5,-0.995566415,-1.1041371,0.108570685,-0.9841371,0.011429315,-0.008969997,0.003520262
117,mp-766422,Li12 Bi4 S16,Li3 Bi1 S4,-1.022543279,-1.1219839,0.099440621,-1.0019839,0.020559379,0.068869029,0.084190112
118,mp-20025,Mn1 Ga2 S4,Mn1 Ga2 S4,-0.925073554,-1.0502759,0.125202346,-0.9302759,0.005202346,-0.033197236,-0.012276431
119,mp-680181,Bi16 Pb16 S40,Bi2 Pb2 S5,-0.699803611,-0.7718166,0.072012989,-0.6518166,0.047987011,0.017543783,0.055581698
120,mp-1224365,K3 In21 S24,K1 In7 S8,-0.85332007,-0.948926,0.09560593,-0.828926,0.02439407,-0.004067534,0.025868941
121,mp-19833,In2 Ag2 S4,In1 Ag1 S2,-0.559127425,-0.77191865,0.212791225,-0.65191865,0.092791225,-0.050271412,-0.024431577
122,mp-30239,Sr6 B4 S12,Sr3 B2 S6,-1.667462778,-1.7654076,0.097944822,-1.6454076,0.022055178,-0.012485195,0.011411993
123,mp-1224121,Hf1 Zr1 S6,Hf1 Zr1 S6,-1.569317189,-1.7393655,0.170048311,-1.6193655,0.050048311,0.003721721,-0.044894314
124,mp-1194276,Ca4 Ho8 S16,Ca1 Ho2 S4,-2.405929086,-2.50631,0.100380914,-2.38631,0.019619086,-0.006845598,-0.007509826
125,mp-1218051,Ta4 Mo1 S8,Ta4 Mo1 S8,-1.23441366,-1.349198,0.11478434,-1.229198,0.00521566,0.075893471,0.085099689
126,mp-1223584,K4 Bi12 S20,K1 Bi3 S5,-0.836971434,-0.920588,0.083616566,-0.800588,0.036383434,-0.002417285,0.02084212
127,mp-15791,Li1 Er1 S2,Li1 Er1 S2,-2.121399676,-2.210228,0.088828324,-2.090228,0.031171676,-0.062915024,-0.047261739
128,mp-1192454,Ti2 Nb8 S16,Ti1 Nb4 S8,-1.525464076,-1.592604,0.067139924,-1.472604,0.052860076,-0.029838915,0.024196361
129,mp-1025263,Ti2 Ni1 S4,Ti2 Ni1 S4,-1.42996627,-1.5347897,0.10482343,-1.4147897,0.01517657,-0.007463904,0.008803923
130,mp-1216628,Tm4 Mn1 S7,Tm4 Mn1 S7,-2.073130118,-2.1776617,0.104531582,-2.0576617,0.015468418,0.038938758,0.057743187
131,mp-1194339,Li12 Sb4 S12,Li3 Sb1 S3,-1.170994167,-1.2382345,0.067240333,-1.1182345,0.052759667,-0.000535461,0.053042649
132,mp-1201533,K36 Fe4 S28,K9 Fe1 S7,-1.069821285,-1.2572728,0.187451515,-1.1372728,0.067451515,0.101391039,0.045828047
133,mp-1216175,Y4 Fe1 S7,Y4 Fe1 S7,-1.984946933,-2.0986686,0.113721667,-1.9786686,0.006278333,0.106085025,0.127684145
134,mp-8947,Sr4 B8 S16,Sr1 B2 S4,-1.233453989,-1.3312688,0.097814811,-1.2112688,0.022185189,-0.010393211,0.013302469
135,mp-1211986,K8 Hg12 S16,K2 Hg3 S4,-0.758335309,-0.8382917,0.079956391,-0.7182917,0.040043609,-0.007081816,0.040467945
136,mp-1200447,La8 Y8 S24,La1 Y1 S3,-2.46285816,-2.5553138,0.09245564,-2.4353138,0.02754436,-0.007517604,0.011963061
137,mp-1103493,Tm1 Mo6 S8,Tm1 Mo6 S8,-0.998825906,-1.2487475,0.249921594,-1.1287475,0.129921594,0.025496512,0.048601182
138,mp-667323,Mg6 Ga12 S24,Mg1 Ga2 S4,-1.181282878,-1.2985226,0.117239722,-1.1785226,0.002760278,-0.012726034,-0.004561647
139,mp-5821,Ta2 Ag2 S6,Ta1 Ag1 S3,-0.95496328,-1.1005458,0.14558252,-0.9805458,0.02558252,-0.005955946,-0.026486328
140,mp-562537,Ta4 Ni6 S16,Ta2 Ni3 S8,-1.044254566,-1.1501542,0.105899634,-1.0301542,0.014100366,-0.035756182,-0.019072937
141,mp-7792,Y4 Sc4 S12,Y1 Sc1 S3,-2.274756047,-2.3946388,0.119882753,-2.2746388,0.000117247,0.00890821,0.020701627
142,mp-4544,Ba8 Co4 S12,Ba2 Co1 S3,-1.598908759,-1.7710799,0.172171141,-1.6510799,0.052171141,0.189002425,0.141969289
143,mp-18148,K12 Ta4 S16,K3 Ta1 S4,-1.51260313,-1.6201817,0.10757857,-1.5001817,0.01242143,-0.192213266,-0.169829205
144,mp-4001,Ba2 Ta2 S6,Ba1 Ta1 S3,-1.782052072,-2.018359,0.236306928,-1.898359,0.116306928,-0.009158067,-0.122489192
145,mp-1189266,K2 Cr6 S10,K1 Cr3 S5,-1.114105531,-1.2108487,0.096743169,-1.0908487,0.023256831,-0.006293174,0.020354688
146,mp-680170,Cs6 Ti6 S27,Cs2 Ti2 S9,-1.324532681,-1.4586197,0.134087019,-1.3386197,0.014087019,-0.012044538,-0.024297649
147,mp-1232129,Er4 Mg2 S8,Er2 Mg1 S4,-2.173367974,-2.2841308,0.110762826,-2.1641308,0.009237174,-0.009125092,0.005516192
148,mp-1226432,Cs1 V6 S8,Cs1 V6 S8,-1.271067919,-1.3691761,0.098108181,-1.2491761,0.021891819,0.022196263,0.045328373
149,mp-1222312,Li1 Eu1 S2,Li1 Eu1 S2,-1.706453019,-1.8431569,0.136703881,-1.7231569,0.016703881,0.11418232,0.105618402
150,mp-1224473,Hf2 Ni1 S4,Hf2 Ni1 S4,-1.54656867,-1.7314087,0.18484003,-1.6114087,0.06484003,0.091502166,0.027753393
151,mp-1386933,Ca1 Ti4 S8,Ca1 Ti4 S8,-1.78995498,-1.9044987,0.11454372,-1.7844987,0.00545628,-0.008108307,-0.001476826
152,mp-1215370,Zr4 Cu1 S8,Zr4 Cu1 S8,-1.713804263,-1.8428936,0.129089337,-1.7228936,0.009089337,-0.002239612,-0.010153748
153,mp-1219053,Sm1 Eu1 S2,Sm1 Eu1 S2,-2.329592711,-2.3952734,0.065680689,-2.2752734,0.054319311,0.002565302,0.065616993
154,mp-8751,Rb2 Li2 S2,Rb1 Li1 S1,-1.344601024,-1.4981328,0.153531776,-1.3781328,0.033531776,-0.012819617,-0.045714825
155,mp-559134,Eu6 As4 S16,Eu3 As2 S8,-1.33463213,-1.4635023,0.12887017,-1.3435023,0.00887017,-0.001020539,0.000156692
156,mp-1221580,Mn1 Hg1 S2,Mn1 Hg1 S2,-0.566137746,-0.6412359,0.075098154,-0.5212359,0.044901846,0.098549874,0.145904489
157,mp-1080726,Zn3 Cr1 S4,Zn3 Cr1 S4,-0.884853989,-1.0277101,0.142856111,-0.9077101,0.022856111,0.128653048,0.106751787
158,mp-981379,Zn3 Cd1 S4,Zn3 Cd1 S4,-0.897149623,-1.1082577,0.211108077,-0.9882577,0.091108077,0.016151407,0.030050824
159,mp-1192902,Tl8 Cu8 S12,Tl2 Cu2 S3,-0.431865203,-0.5506132,0.118747997,-0.4306132,0.001252003,0.038351399,0.042944408
160,mp-1045419,Y2 Cr4 S8,Y1 Cr2 S4,-1.367690169,-1.4883935,0.120703331,-1.3683935,0.000703331,0.065350423,0.071826977
161,mp-1103998,Fe1 Mo6 S8,Fe1 Mo6 S8,-0.756216809,-0.92416066,0.167943851,-0.80416066,0.047943851,0.204500011,0.157574667
162,mp-1193030,Ce8 Co2 S14,Ce4 Co1 S7,-1.951934346,-2.056634,0.104699654,-1.936634,0.015300346,0.103805578,0.123598397
163,mp-37923,Sm5 Ag1 S8,Sm5 Ag1 S8,-2.113616748,-2.2147582,0.101141452,-2.0947582,0.018858548,0.022588061,0.043279415
164,mp-35785,Y4 Cd2 S8,Y2 Cd1 S4,-1.936081384,-2.0544739,0.118392516,-1.9344739,0.001607484,-0.004955495,0.015223418
165,mp-1100384,Ca4 Sn20 S44,Ca1 Sn5 S11,-0.760783526,-0.88327014,0.122486614,-0.76327014,0.002486614,0.147515956,0.14626503
166,mp-1120784,Dy4 Sn2 S6,Dy2 Sn1 S3,-1.564280708,-1.713023,0.148742292,-1.593023,0.028742292,0.406004445,0.3820799
167,mp-674493,In4 Ni2 S8,In2 Ni1 S4,-0.698516274,-0.7871862,0.088669926,-0.6671862,0.031330074,0.073209096,0.107770432
168,mp-18344,Ta4 Tl8 S22,Ta2 Tl4 S11,-0.891767397,-1.0046997,0.112932303,-0.8846997,0.007067697,-0.041887373,-0.030430122
169,mp-1226846,Cd5 Te4 S1,Cd5 Te4 S1,-0.561178367,-0.52858776,-0.032590607,-0.40858776,0.152590607,0.04263913,0.303627125
170,mp-1775070,Mg2 Ni4 S8,Mg1 Ni2 S4,-0.76158217,-0.88355744,0.12197527,-0.76355744,0.00197527,0.168737254,0.172166093
171,mp-1045420,Mg2 Ti4 S8,Mg1 Ti2 S4,-1.615856746,-1.7451712,0.129314454,-1.6251712,0.009314454,0.077200025,0.073289681
172,mp-1002123,K1 Zr1 S2,K1 Zr1 S2,-1.738656963,-1.939675,0.201018037,-1.819675,0.081018037,-0.125341669,-0.200162162
173,mp-685555,Hg36 As36 S72,Hg1 As1 S2,-0.269914548,-0.40647396,0.136559412,-0.28647396,0.016559412,0.106991884,0.095636272
174,mp-5614,Li12 B4 S12,Li3 B1 S3,-1.252635223,-1.2708594,0.018224177,-1.1508594,0.101775823,-0.005410266,0.097184001
175,mp-675383,Li6 Mo12 S16,Li3 Mo6 S8,-1.014978433,-1.1906089,0.175630467,-1.0706089,0.055630467,0.012157255,0.050648008
176,mp-1217039,V4 Cr5 S10,V4 Cr5 S10,-0.975285282,-1.0678153,0.092530018,-0.9478153,0.027469982,0.074820372,0.10329546
177,mp-675925,Ce4 Pb2 S8,Ce2 Pb1 S4,-1.837602764,-1.9330661,0.095463336,-1.8130661,0.024536664,0.047541997,0.07427298
178,mp-1216724,V1 Fe2 S4,V1 Fe2 S4,-0.901403243,-0.98923385,0.087830607,-0.86923385,0.032169393,0.062098277,0.095358928
179,mp-1199685,Cu8 Re12 S24,Cu2 Re3 S6,-0.646466796,-0.761348,0.114881204,-0.641348,0.005118796,0.091158071,0.098296801
180,mp-1194376,Ba4 Sm8 S16,Ba1 Sm2 S4,-2.397213271,-2.5045216,0.107308329,-2.3845216,0.012691671,-0.041651721,-0.027868792
181,mp-1193989,Sr4 Tb8 S16,Sr1 Tb2 S4,-2.436427441,-2.5229275,0.086500059,-2.4029275,0.033499941,-0.026975561,-0.021541043
182,mp-1443978,Mg1 Mn4 S8,Mg1 Mn4 S8,-0.992534163,-1.0712216,0.078687437,-0.9512216,0.041312563,0.001306287,0.046116355
183,mp-4988,Tl8 As8 S16,Tl1 As1 S2,-0.510845626,-0.651834,0.140988374,-0.531834,0.020988374,-0.023577736,-0.038652985
184,mp-866503,Ca8 Sn4 S16,Ca2 Sn1 S4,-1.677767615,-1.7606742,0.082906585,-1.6406742,0.037093415,-0.003148462,0.035036211
185,mp-20793,Ga2 Fe1 S4,Ga2 Fe1 S4,-0.807370899,-0.8790511,0.071680201,-0.7590511,0.048319799,0.096855559,0.146266615
186,mp-1226065,Co1 Ni5 S8,Co1 Ni5 S8,-0.65757244,-0.77006567,0.11249323,-0.65006567,0.00750677,0.026512307,0.036903115
187,mp-1008876,Mn1 Co1 S1,Mn1 Co1 S1,-0.211648407,-0.25376186,0.042113453,-0.13376186,0.077886547,0.314216113,0.401105535
188,mp-1202720,Cs16 Te8 S24,Cs2 Te1 S3,-0.991699268,-1.0761163,0.084417032,-0.9561163,0.035582968,0.01095409,0.048600824
189,mp-601861,Rb8 In8 S16,Rb1 In1 S2,-1.192810585,-1.2672299,0.074419315,-1.1472299,0.045580685,-0.069274079,-0.02086604
190,mp-541638,K8 Re12 S24,K2 Re3 S6,-1.057542475,-1.179759,0.122216525,-1.059759,0.002216525,-0.113544238,-0.109927961
191,mp-767525,Li6 Sb1 S2,Li6 Sb1 S2,-1.150535365,-1.1888653,0.038329935,-1.0688653,0.081670065,0.063944404,0.146038846
192,mp-1198001,Dy8 Hf4 S20,Dy2 Hf1 S5,-2.160668527,-2.3040838,0.143415273,-2.1840838,0.023415273,0.006403738,0.014376791
193,mp-20784,Ta6 Pb2 S12,Ta3 Pb1 S6,-1.342249945,-1.4429617,0.100711755,-1.3229617,0.019288245,-0.062396678,-0.039217639
194,mp-1217283,Te1 Pb2 S1,Te1 Pb2 S1,-0.677617217,-0.6344478,-0.043169417,-0.5144478,0.163169417,0.022539062,0.186185905
195,mp-1195469,Ba8 Ge8 S24,Ba1 Ge1 S3,-1.432722363,-1.537636,0.104913637,-1.417636,0.015086363,-0.019944226,-0.003712043
196,mp-561407,Rb8 Ga8 S16,Rb1 Ga1 S2,-1.295415736,-1.3694481,0.074032364,-1.2494481,0.045967636,-0.147664233,-0.100741747
197,mp-1220537,Nb4 Ge1 S8,Nb4 Ge1 S8,-1.180887977,-1.2901671,0.109279123,-1.1701671,0.010720877,0.116755644,0.128651722
198,mp-1407214,Mg2 V4 S8,Mg1 V2 S4,-1.267229385,-1.3598235,0.092594115,-1.2398235,0.027405885,0.114476722,0.147286716
199,mp-37496,Na1 Ce5 S8,Na1 Ce5 S8,-2.304744784,-2.3195968,0.014852016,-2.1995968,0.105147984,0.011490234,0.034826741
200,mp-1045335,Y2 V4 S8,Y1 V2 S4,-1.440883004,-1.5835055,0.142622496,-1.4635055,0.022622496,0.223527628,0.208085017
201,mp-1222722,Li1 Zr2 S4,Li1 Zr2 S4,-1.828440762,-1.9616044,0.133163638,-1.8416044,0.013163638,-0.040556323,-0.052628703
202,mp-16992,Na4 Ag12 S8,Na1 Ag3 S2,-0.453167292,-0.57794976,0.124782468,-0.45794976,0.004782468,-0.01874621,0.038271111
203,mp-1217143,Ti3 Ag1 S6,Ti3 Ag1 S6,-1.448613096,-1.5474344,0.098821304,-1.4274344,0.021178696,0.00294869,0.026311373
204,mp-7786,Cs1 Cu3 S2,Cs1 Cu3 S2,-0.613702628,-0.83879024,0.225087612,-0.71879024,0.105087612,-0.10518968,-0.114957636
205,mp-1194246,Nb8 Ni4 S16,Nb2 Ni1 S4,-0.971311128,-1.1642563,0.192945172,-1.0442563,0.072945172,0.248395366,0.176541451
206,mp-18568,Na8 Ge8 S20,Na2 Ge2 S5,-0.951778607,-1.0719078,0.120129193,-0.9519078,0.000129193,-0.008202166,-0.003004751
207,mp-1087532,Cs2 Lu2 S4,Cs1 Lu1 S2,-2.051941313,-2.1536825,0.101741187,-2.0336825,0.018258813,-0.111208336,-0.090978753
208,mp-10246,Na4 Pt2 S4,Na2 Pt1 S2,-1.028251837,-1.1447828,0.116530963,-1.0247828,0.003469037,-0.059043671,-0.022488428
209,mp-557672,Ga16 Pb16 S40,Ga2 Pb2 S5,-0.902708673,-1.0073342,0.104625527,-0.8873342,0.015374473,0.012181712,0.02861713
210,mp-1226651,Cs6 Sb10 S18,Cs3 Sb5 S9,-0.70337676,-0.95382416,0.2504474,-0.83382416,0.1304474,0.002826611,0.027774055
211,mp-510243,Eu4 B8 S16,Eu1 B2 S4,-1.205792357,-1.3260124,0.120220043,-1.2060124,0.000220043,0.001777053,0.00709257
212,mp-29090,Rb8 Au12 S10,Rb4 Au6 S5,-0.817228158,-0.8864267,0.069198542,-0.7664267,0.050801458,-0.027596265,0.02384176
213,mp-1216903,Ti1 Cr1 S2,Ti1 Cr1 S2,-1.199516032,-1.2916917,0.092175668,-1.1716917,0.027824332,0.077216634,0.105995817
214,mp-555044,Dy4 Cu4 S8,Dy1 Cu1 S2,-1.593087256,-1.7317288,0.138641544,-1.6117288,0.018641544,-0.0131081,-0.001156318
215,mp-1147618,K12 Zn2 S8,K6 Zn1 S4,-1.266351713,-1.3319663,0.065614587,-1.2119663,0.054385413,-0.008875168,0.029488741
216,mp-1217175,Ti5 Cu2 S10,Ti5 Cu2 S10,-1.436263879,-1.5734403,0.137176421,-1.4534403,0.017176421,0.030914725,0.014861658
217,mp-1078537,Pr2 Lu2 S6,Pr1 Lu1 S3,-2.391086762,-2.4936566,0.102569838,-2.3736566,0.017430162,-0.006940333,-0.005376252
218,mp-541895,Na8 Re12 S24,Na2 Re3 S6,-0.992927088,-1.108236,0.115308912,-0.988236,0.004691088,-0.046229901,-0.036028791
219,mp-1337045,Ca2 Fe4 S10,Ca1 Fe2 S5,-0.852082042,-1.0374506,0.185368558,-0.9174506,0.065368558,0.382789186,0.318614191
220,mp-5193,Sr4 Zr4 S12,Sr1 Zr1 S3,-2.077214804,-2.1848023,0.107587496,-2.0648023,0.012412504,-0.011556786,0.002588465
221,mp-1190364,Li8 Sn4 S12,Li2 Sn1 S3,-1.131851622,-1.2188958,0.087044178,-1.0988958,0.032955822,0.000665135,0.034575807
222,mp-767553,Li28 Sb8 S4,Li7 Sb2 S1,-0.823478152,-0.84869325,0.025215098,-0.72869325,0.094784902,0.090564549,0.185540421
223,mp-37183,Sr2 Gd4 S8,Sr1 Gd2 S4,-2.336525707,-2.4891539,0.152628193,-2.3691539,0.032628193,0.023524695,0.016199622
224,mp-14089,Tl2 Cu2 S4,Tl1 Cu1 S2,-0.471226566,-0.6202541,0.149027534,-0.5002541,0.029027534,0.001781703,-0.024083738
225,mp-1197880,Er8 Ag8 S16,Er1 Ag1 S2,-1.557108274,-1.6342434,0.077135126,-1.5142434,0.042864874,0.003718804,0.050133947
226,mp-17980,K8 Mo4 S16,K2 Mo1 S4,-1.108230577,-1.3228675,0.214636923,-1.2028675,0.094636923,-0.030413617,-0.01170812
227,mp-1096842,Ba6 Sn2 S10,Ba3 Sn1 S5,-1.800307834,-1.9160193,0.115711466,-1.7960193,0.004288534,0.042095888,0.047445366
228,mp-1218002,Ta2 Mo1 S6,Ta2 Mo1 S6,-1.302854133,-1.4326414,0.129787267,-1.3126414,0.009787267,0.02090504,0.014424221
229,mp-19804,In2 Co3 S2,In2 Co3 S2,-0.321274862,-0.53826475,0.216989888,-0.41826475,0.096989888,-0.023470938,0.021669742
230,mp-21964,Tl4 Cu28 S16,Tl1 Cu7 S4,-0.327291723,-0.41431955,0.087027827,-0.29431955,0.032972173,0.01383955,0.048184037
231,mp-561511,Fe4 As4 S4,Fe1 As1 S1,-0.61334042,-0.7037938,0.09045338,-0.5837938,0.02954662,-0.061530749,-0.02767952
232,mp-774745,Li12 Cu4 S12,Li3 Cu1 S3,-0.981519534,-1.1169647,0.135445166,-0.9969647,0.015445166,0.078384173,0.126065302
233,mp-1208432,Ta6 Mn2 S12,Ta3 Mn1 S6,-1.313102151,-1.4499036,0.136801449,-1.3299036,0.016801449,0.02098608,0.008075425
234,mp-1225337,Dy4 Mn1 S7,Dy4 Mn1 S7,-2.156988413,-2.1997492,0.042760787,-2.0797492,0.077239213,0.02429645,0.029070549
235,mp-7295,Rb1 Cr5 S8,Rb1 Cr5 S8,-1.089600407,-1.1690336,0.079433193,-1.0490336,0.040566807,-0.021775724,0.019882341
236,mp-754052,Li3 Fe4 S6,Li3 Fe4 S6,-0.83242109,-0.9673821,0.13496101,-0.8473821,0.01496101,0.193199783,0.179120173
237,mp-1215520,Zn2 Ge1 S3,Zn2 Ge1 S3,-0.75686169,-0.8795855,0.12272381,-0.7595855,0.00272381,0.118158029,0.11638907
238,mp-1102762,Sm4 As4 S4,Sm1 As1 S1,-1.731975212,-1.7991652,0.067189988,-1.6791652,0.052810012,-0.083410921,-0.0262963
239,mp-1232071,Nd16 Mg8 S32,Nd2 Mg1 S4,-2.112752422,-2.2269993,0.114246878,-2.1069993,0.005753122,0.047662367,0.058819599
240,mp-1188392,Li4 In4 S8,Li1 In1 S2,-1.127242539,-1.2799832,0.152740661,-1.1599832,0.032740661,-0.099247941,-0.074312803
241,mp-1105549,Ba4 Hf4 S12,Ba1 Hf1 S3,-2.139200686,-2.2384613,0.099260614,-2.1184613,0.020739386,-0.020429243,0.001455964
242,mp-37070,Pr4 Sm2 S8,Pr2 Sm1 S4,-2.291501157,-2.4163005,0.124799343,-2.2963005,0.004799343,0.037793926,0.03824747
243,mp-1103889,Eu2 Al4 S8,Eu1 Al2 S4,-1.655673241,-1.8139333,0.158260059,-1.6939333,0.038260059,-0.060138588,-0.035842754
244,mp-1247747,Ta1 Cr3 S8,Ta1 Cr3 S8,-1.000188341,-1.1206648,0.120476459,-1.0006648,0.000476459,0.029177095,0.030736263
245,mp-10953,Sc4 Cd2 S8,Sc2 Cd1 S4,-1.793571593,-1.9594333,0.165861707,-1.8394333,0.045861707,-0.009535794,-0.005021519
246,mp-9368,Rb1 Tm1 S2,Rb1 Tm1 S2,-2.092241661,-2.1808932,0.088651539,-2.0608932,0.031348461,-0.173196979,-0.139227154
247,mp-616544,Rb2 Cr6 S10,Rb1 Cr3 S5,-1.109504842,-1.19012,0.080615158,-1.07012,0.039384842,-0.015182452,0.025263334
248,mp-1238817,Li2 Cr4 S8,Li1 Cr2 S4,-1.092606321,-1.1953425,0.102736179,-1.0753425,0.017263821,-0.00437138,0.013983698
249,mp-15999,Li6 Au2 S4,Li3 Au1 S2,-1.188375173,-1.2626309,0.074255727,-1.1426309,0.045744273,-0.00998706,0.054209214
250,mp-28383,K4 Na4 S4,K1 Na1 S1,-1.285518808,-1.2929579,0.007439092,-1.1729579,0.112560908,-0.011149014,0.054086441
251,mp-1018632,Ho1 Cu2 S2,Ho1 Cu2 S2,-0.965272918,-1.2208989,0.255625982,-1.1008989,0.135625982,0.307681231,0.198410622
252,mp-1106183,Li4 Al4 S8,Li1 Al1 S2,-1.475958337,-1.6458576,0.169899263,-1.5258576,0.049899263,-0.118576405,-0.112979008
253,mp-1104162,Mn4 Zn2 S8,Mn2 Zn1 S4,-0.910286642,-1.0162596,0.105972958,-0.8962596,0.014027042,0.032681711,0.017944196
254,mp-686094,Ti36 Cu12 S72,Ti3 Cu1 S6,-1.485946756,-1.5816267,0.095679944,-1.4616267,0.024320056,0.002185959,0.027651835
255,mp-557655,Gd1 Tl1 S2,Gd1 Tl1 S2,-1.732895615,-1.8598098,0.126914185,-1.7398098,0.006914185,-0.055895523,-0.059647616
256,mp-6959,Ga2 Ni1 S4,Ga2 Ni1 S4,-0.824087642,-0.9309543,0.106866658,-0.8109543,0.013133342,0.04225468,0.056479279
257,mp-1096832,Al8 Zn2 S14,Al4 Zn1 S7,-1.15394405,-1.3874466,0.23350255,-1.2674466,0.11350255,0.055353651,0.057536393
258,mp-4123,Er1 Tl1 S2,Er1 Tl1 S2,-1.73406794,-1.8927246,0.15865666,-1.7727246,0.03865666,-0.066432872,-0.10192744
259,mp-1248520,Al20 Bi12 S48,Al5 Bi3 S12,-0.973443429,-1.0543355,0.080892071,-0.9343355,0.039107929,0.123294676,0.156116648
260,mp-22332,Ta1 In1 S2,Ta1 In1 S2,-1.10424949,-1.2067989,0.10254941,-1.0867989,0.01745059,-0.00570675,0.016858672
261,mp-630328,Ba12 Fe4 S20,Ba3 Fe1 S5,-1.761267767,-1.8541195,0.092851733,-1.7341195,0.027148267,0.073733675,0.101942887
262,mp-1191745,Sm8 Ni2 S14,Sm4 Ni1 S7,-1.918912605,-2.0773952,0.158482595,-1.9573952,0.038482595,0.17474568,0.137377077
263,mp-1216058,Y2 Te1 S2,Y2 Te1 S2,-2.132069582,-2.15509,0.023020418,-2.03509,0.096979582,-0.003871576,0.110920041
264,mp-1222528,Lu2 Cu6 S6,Lu1 Cu3 S3,-0.989806564,-1.1238343,0.134027736,-1.0038343,0.014027736,0.003704088,0.052699492
265,mp-20708,In2 Ni3 S2,In2 Ni3 S2,-0.54809964,-0.58290714,0.0348075,-0.46290714,0.0851925,-0.075994893,0.01188324
266,mp-622086,La8 Ge4 S20,La2 Ge1 S5,-1.83345575,-1.9320962,0.09864045,-1.8120962,0.02135955,-0.008435203,0.01411791
267,mp-27660,Ba1 Fe2 S4,Ba1 Fe2 S4,-1.149749231,-1.2335384,0.083789169,-1.1135384,0.036210831,0.09490734,0.132209429
268,mp-1221502,Mn1 Zn1 S2,Mn1 Zn1 S2,-1.021535609,-1.0033102,-0.018225409,-0.8833102,0.138225409,0.023947645,0.049406054
269,mp-5928,Al2 Cd1 S4,Al2 Cd1 S4,-1.14668341,-1.3507705,0.20408709,-1.2307705,0.08408709,-0.032280854,-0.007998967
270,mp-1103471,La4 As4 S4,La1 As1 S1,-1.900869981,-1.8905447,-0.010325281,-1.7705447,0.130325281,-0.085727804,-0.030512953
271,mp-1215447,Zn1 Hg1 S2,Zn1 Hg1 S2,-0.678704489,-0.8052139,0.126509411,-0.6852139,0.006509411,0.039913294,0.035856652
272,mp-1443364,Zn2 Ni4 S8,Zn1 Ni2 S4,-0.649955033,-0.8148502,0.164895167,-0.6948502,0.044895167,0.109128138,0.065324228
273,mp-1189296,Ce4 B4 S12,Ce1 B1 S3,-1.517305853,-1.6345311,0.117225247,-1.5145311,0.002774753,0.012690894,0.01738361
274,mp-1222003,Mg1 Cd1 S2,Mg1 Cd1 S2,-1.16627863,-1.3021079,0.13582927,-1.1821079,0.01582927,0.096635489,0.098588668